<XMBML version="1.0">

<!-- Main Items > Toolbox Settings > Toolbox Resources > Install Toolbox Resources > Resources PKG Downloader -->
			
	<View id="han_toolbox_resources_main">
		<Attributes>
			<Table key="han_toolbox_resources_item">
				<Pair key="info"><String>net_package_install</String></Pair>
				<Pair key="pkg_src"><String>http://hantoolbox.pbworks.com/w/file/fetch/132797445/HAN_Toolbox_Resources-Full.pkg?force_download=1</String></Pair>
				<Pair key="pkg_src_qa"><String>http://hantoolbox.pbworks.com/w/file/fetch/132797445/HAN_Toolbox_Resources-Full.pkg?force_download=1</String></Pair>
				<Pair key="content_name"><String>pkg_pc</String></Pair>
				<Pair key="content_id"><String>UP0100-HANTOOLBX_00-PINK1000DEVIL303</String></Pair>
				<Pair key="prod_pict_path"><String>/dev_hdd0/game/HANTOOLBX/USRDIR/IMAGES/download.png</String></Pair>
 			</Table>
		</Attributes>
		<Items>
			<Item class="type:x-xmb/xmlnpsignup" key="han_toolbox_resources_item" attr="han_toolbox_resources_item"/>
		</Items>
	</View>	

	<View id="han_toolbox_coldboots_resources_main">
		<Attributes>
			<Table key="han_toolbox_coldboots_resources_item">
				<Pair key="info"><String>net_package_install</String></Pair>
				<Pair key="pkg_src"><String>http://hantoolbox.pbworks.com/w/file/fetch/132797448/HAN_Toolbox_Resources-Coldboots.pkg?force_download=1</String></Pair>
				<Pair key="pkg_src_qa"><String>http://hantoolbox.pbworks.com/w/file/fetch/132797448/HAN_Toolbox_Resources-Coldboots.pkg?force_download=1</String></Pair>
				<Pair key="content_name"><String>pkg_pc</String></Pair>
				<Pair key="content_id"><String>UP0100-HANTOOLBX_00-PINK1000DEVIL303</String></Pair>
				<Pair key="prod_pict_path"><String>/dev_hdd0/game/HANTOOLBX/USRDIR/IMAGES/download.png</String></Pair>
 			</Table>
		</Attributes>
		<Items>
			<Item class="type:x-xmb/xmlnpsignup" key="han_toolbox_coldboots_resources_item" attr="han_toolbox_coldboots_resources_item"/>
		</Items>
	</View>

	<View id="han_toolbox_demos_resources_main">
		<Attributes>
			<Table key="han_toolbox_demos_resources_item">
				<Pair key="info"><String>net_package_install</String></Pair>
				<Pair key="pkg_src"><String>http://hantoolbox.pbworks.com/w/file/fetch/132797424/HAN_Toolbox_Resources-Demos.pkg?force_download=1</String></Pair>
				<Pair key="pkg_src_qa"><String>http://hantoolbox.pbworks.com/w/file/fetch/132797424/HAN_Toolbox_Resources-Demos.pkg?force_download=1</String></Pair>
				<Pair key="content_name"><String>pkg_pc</String></Pair>
				<Pair key="content_id"><String>UP0100-HANTOOLBX_00-PINK1000DEVIL303</String></Pair>
				<Pair key="prod_pict_path"><String>/dev_hdd0/game/HANTOOLBX/USRDIR/IMAGES/download.png</String></Pair>
 			</Table>
		</Attributes>
		<Items>
			<Item class="type:x-xmb/xmlnpsignup" key="han_toolbox_demos_resources_item" attr="han_toolbox_demos_resources_item"/>
		</Items>
	</View>	
	
	<View id="han_toolbox_fonts_resources_main">
		<Attributes>
			<Table key="han_toolbox_fonts_resources_item">
				<Pair key="info"><String>net_package_install</String></Pair>
				<Pair key="pkg_src"><String>http://hantoolbox.pbworks.com/w/file/fetch/132797427/HAN_Toolbox_Resources-Fonts.pkg?force_download=1</String></Pair>
				<Pair key="pkg_src_qa"><String>http://hantoolbox.pbworks.com/w/file/fetch/132797427/HAN_Toolbox_Resources-Fonts.pkg?force_download=1</String></Pair>
				<Pair key="content_name"><String>pkg_pc</String></Pair>
				<Pair key="content_id"><String>UP0100-HANTOOLBX_00-PINK1000DEVIL303</String></Pair>
				<Pair key="prod_pict_path"><String>/dev_hdd0/game/HANTOOLBX/USRDIR/IMAGES/download.png</String></Pair>
 			</Table>
		</Attributes>
		<Items>
			<Item class="type:x-xmb/xmlnpsignup" key="han_toolbox_fonts_resources_item" attr="han_toolbox_fonts_resources_item"/>
		</Items>
	</View>	

	<View id="han_toolbox_nopsn_resources_main">
		<Attributes>
			<Table key="han_toolbox_nopsn_resources_item">
				<Pair key="info"><String>net_package_install</String></Pair>
				<Pair key="pkg_src"><String>http://hantoolbox.pbworks.com/w/file/fetch/132797430/HAN_Toolbox_Resources-NoPSN.pkg?force_download=1</String></Pair>
				<Pair key="pkg_src_qa"><String>http://hantoolbox.pbworks.com/w/file/fetch/132797430/HAN_Toolbox_Resources-NoPSN.pkg?force_download=1</String></Pair>
				<Pair key="content_name"><String>pkg_pc</String></Pair>
				<Pair key="content_id"><String>UP0100-HANTOOLBX_00-PINK1000DEVIL303</String></Pair>
				<Pair key="prod_pict_path"><String>/dev_hdd0/game/HANTOOLBX/USRDIR/IMAGES/download.png</String></Pair>
 			</Table>
		</Attributes>
		<Items>
			<Item class="type:x-xmb/xmlnpsignup" key="han_toolbox_nopsn_resources_item" attr="han_toolbox_nopsn_resources_item"/>
		</Items>
	</View>	
	
<!--	<View id="han_toolbox_psn_resources_main">
		<Attributes>
			<Table key="han_toolbox_psn_resources_item">
				<Pair key="info"><String>net_package_install</String></Pair>
				<Pair key="pkg_src"><String>http://hantoolbox.pbworks.com/w/file/fetch/132797433/HAN_Toolbox_Resources-PSN.pkg?force_download=1</String></Pair>
				<Pair key="pkg_src_qa"><String>http://hantoolbox.pbworks.com/w/file/fetch/132797433/HAN_Toolbox_Resources-PSN.pkg?force_download=1</String></Pair>
				<Pair key="content_name"><String>pkg_pc</String></Pair>
				<Pair key="content_id"><String>UP0100-HANTOOLBX_00-PINK1000DEVIL303</String></Pair>
				<Pair key="prod_pict_path"><String>/dev_hdd0/game/HANTOOLBX/USRDIR/IMAGES/download.png</String></Pair>
 			</Table>
		</Attributes>
		<Items>
			<Item class="type:x-xmb/xmlnpsignup" key="han_toolbox_psn_resources_item" attr="han_toolbox_psn_resources_item"/>
		</Items>
	</View> -->

	<View id="han_toolbox_themes_resources_main">
		<Attributes>
			<Table key="han_toolbox_themes_resources_item">
				<Pair key="info"><String>net_package_install</String></Pair>
				<Pair key="pkg_src"><String>http://hantoolbox.pbworks.com/w/file/fetch/132797436/HAN_Toolbox_Resources-Themes.pkg?force_download=1</String></Pair>
				<Pair key="pkg_src_qa"><String>http://hantoolbox.pbworks.com/w/file/fetch/132797436/HAN_Toolbox_Resources-Themes.pkg?force_download=1</String></Pair>
				<Pair key="content_name"><String>pkg_pc</String></Pair>
				<Pair key="content_id"><String>UP0100-HANTOOLBX_00-PINK1000DEVIL303</String></Pair>
				<Pair key="prod_pict_path"><String>/dev_hdd0/game/HANTOOLBX/USRDIR/IMAGES/download.png</String></Pair>
 			</Table>
		</Attributes>
		<Items>
			<Item class="type:x-xmb/xmlnpsignup" key="han_toolbox_themes_resources_item" attr="han_toolbox_themes_resources_item"/>
		</Items>
	</View>	
	
	<View id="han_toolbox_wallpapers_resources_main">
		<Attributes>
			<Table key="han_toolbox_wallpapers_resources_item">
				<Pair key="info"><String>net_package_install</String></Pair>
				<Pair key="pkg_src"><String>http://hantoolbox.pbworks.com/w/file/fetch/132797439/HAN_Toolbox_Resources-Wallpapers.pkg?force_download=1</String></Pair>
				<Pair key="pkg_src_qa"><String>http://hantoolbox.pbworks.com/w/file/fetch/132797439/HAN_Toolbox_Resources-Wallpapers.pkg?force_download=1</String></Pair>
				<Pair key="content_name"><String>pkg_pc</String></Pair>
				<Pair key="content_id"><String>UP0100-HANTOOLBX_00-PINK1000DEVIL303</String></Pair>
				<Pair key="prod_pict_path"><String>/dev_hdd0/game/HANTOOLBX/USRDIR/IMAGES/download.png</String></Pair>
 			</Table>
		</Attributes>
		<Items>
			<Item class="type:x-xmb/xmlnpsignup" key="han_toolbox_wallpapers_resources_item" attr="han_toolbox_wallpapers_resources_item"/>
		</Items>
	</View>	

	<View id="han_toolbox_waves_resources_main">
		<Attributes>
			<Table key="han_toolbox_waves_resources_item">
				<Pair key="info"><String>net_package_install</String></Pair>
				<Pair key="pkg_src"><String>http://hantoolbox.pbworks.com/w/file/fetch/132797442/HAN_Toolbox_Resources-Waves.pkg?force_download=1</String></Pair>
				<Pair key="pkg_src_qa"><String>http://hantoolbox.pbworks.com/w/file/fetch/132797442/HAN_Toolbox_Resources-Waves.pkg?force_download=1</String></Pair>
				<Pair key="content_name"><String>pkg_pc</String></Pair>
				<Pair key="content_id"><String>UP0100-HANTOOLBX_00-PINK1000DEVIL303</String></Pair>
				<Pair key="prod_pict_path"><String>/dev_hdd0/game/HANTOOLBX/USRDIR/IMAGES/download.png</String></Pair>
 			</Table>
		</Attributes>
		<Items>
			<Item class="type:x-xmb/xmlnpsignup" key="han_toolbox_waves_resources_item" attr="han_toolbox_waves_resources_item"/>
		</Items>
	</View>	
		
<!-- Main Items > Toolbox Settings > Toolbox Updater -->
		
	<View id="han_toolbox_update_main">
		<Attributes>
			<Table key="han_toolbox_update_item">
				<Pair key="info"><String>net_package_install</String></Pair>
				<Pair key="pkg_src"><String>http://hantoolbox.pbworks.com/w/file/fetch/132687903/Latest_HAN_Toolbox_CEX-EN.pkg?force_download=1</String></Pair>
				<Pair key="pkg_src_qa"><String>http://hantoolbox.pbworks.com/w/file/fetch/132687903/Latest_HAN_Toolbox_CEX-EN.pkg?force_download=1</String></Pair>
				<Pair key="content_name"><String>pkg_pc</String></Pair>
				<Pair key="content_id"><String>UP0100-HANTOOLBX_00-PINK1000DEVIL303</String></Pair>
				<Pair key="prod_pict_path"><String>/dev_hdd0/game/HANTOOLBX/USRDIR/IMAGES/download.png</String></Pair>
			</Table>
		</Attributes>
		<Items>
			<Item class="type:x-xmb/xmlnpsignup" key="han_toolbox_update_item" attr="han_toolbox_update_item"/>
		</Items>
	</View>
		
</XMBML>
