<XMBML version="1.0">

<!-- HAN Toolbox - FULL-EN -->

	<View id="han_toolbox_xmb_main">
		<Attributes>
			<Table key="han_main">
				<Pair key="icon"><String>/dev_hdd0/game/HANTOOLBX/USRDIR/IMAGES/han.png</String></Pair>
				<Pair key="icon_notation"><String>WNT_XmbItemAlbum</String></Pair>
				<Pair key="title"><String>★ HAN Toolbox 0.13 Unofficial</String></Pair>
				<Pair key="info"><String>The [Double] Unofficial Xploit 3.0 Companion (CEX)</String></Pair>
				<Pair key="ingame"><String>enable</String></Pair>
			</Table>
		</Attributes>
		<Items>
			<Query
				class="type:x-xmb/folder-pixmap"
				key="han_main"
				attr="han_main"
				src="xmb://localhost/dev_hdd0/game/HANTOOLBX/USRDIR/XMLS/han_toolbox_main_items.xml#han_main_items"/>
		</Items>
	</View>

	<View id="han_toolbox_xmb_main_dex">
		<Attributes>
			<Table key="han_main">
				<Pair key="icon"><String>/dev_hdd0/game/HANTOOLBX/USRDIR/IMAGES/han.png</String></Pair>
				<Pair key="icon_notation"><String>WNT_XmbItemAlbum</String></Pair>
				<Pair key="title"><String>★ HAN Toolbox 0.13 Unofficial</String></Pair>
				<Pair key="info"><String>The [Double] Unofficial Xploit 3.0 Companion (DEX)</String></Pair>
				<Pair key="ingame"><String>enable</String></Pair>
			</Table>
		</Attributes>
		<Items>
			<Query
				class="type:x-xmb/folder-pixmap"
				key="han_main"
				attr="han_main"
				src="xmb://localhost/dev_hdd0/game/HANTOOLBX/USRDIR/XMLS/han_toolbox_main_items.xml#han_main_items_dex"/>
		</Items>
	</View>

</XMBML>
