<XMBML version="1.0">

<!-- Main Items > External Content > OFW Demo Downloader v3.0 -->

	<View id="demo_downloader_items">
		<Attributes>
			<Table key="demo_downloader_C00_EU">
				<Pair key="icon"><String>/dev_hdd0/game/HANTOOLBX/USRDIR/IMAGES/folder_eu.png</String></Pair>
				<Pair key="title"><String>EU Demos</String></Pair>
				<Pair key="info"><String></String></Pair>
			</Table>
			<Table key="demo_downloader_C00_HK">
				<Pair key="icon"><String>/dev_hdd0/game/HANTOOLBX/USRDIR/IMAGES/folder_hk.png</String></Pair>
				<Pair key="title"><String>HK Demos</String></Pair>
				<Pair key="info"><String></String></Pair>
			</Table>
			<Table key="demo_downloader_C00_JP">
				<Pair key="icon"><String>/dev_hdd0/game/HANTOOLBX/USRDIR/IMAGES/folder_jp.png</String></Pair>
				<Pair key="title"><String>JP Demos</String></Pair>
				<Pair key="info"><String></String></Pair>
			</Table>
			<Table key="demo_downloader_C00_US">
				<Pair key="icon"><String>/dev_hdd0/game/HANTOOLBX/USRDIR/IMAGES/folder_us.png</String></Pair>
				<Pair key="title"><String>US Demos</String></Pair>
				<Pair key="info"><String></String></Pair>
			</Table>
		</Attributes>
		<Items>
			<Query 
				class="type:x-xmb/folder-pixmap" 
				key="demo_downloader_C00_EU" 
				attr="demo_downloader_C00_EU"
				src="#demo_downloader_C00_EU_sorted"
				/>
			<Query 
				class="type:x-xmb/folder-pixmap" 
				key="demo_downloader_C00_HK" 
				attr="demo_downloader_C00_HK"
				src="#demo_downloader_C00_HK_sorted"
				/>
			<Query 
				class="type:x-xmb/folder-pixmap" 
				key="demo_downloader_C00_JP" 
				attr="demo_downloader_C00_JP"
				src="#demo_downloader_C00_JP_sorted"
				/>
			<Query 
				class="type:x-xmb/folder-pixmap" 
				key="demo_downloader_C00_US" 
				attr="demo_downloader_C00_US"
				src="#demo_downloader_C00_US_sorted"
				/>
		</Items>
	</View>

<!-- Main Items > External Content > C00 EU -->
	
	<View id="demo_downloader_C00_EU_sorted">
		<Attributes>
			<Table key="demo_downloader_C00_EU_alpha">
				<Pair key="icon"><String>/dev_hdd0/game/HANTOOLBX/USRDIR/IMAGES/folder.png</String></Pair>
				<Pair key="title"><String>Sorted alphabetically</String></Pair>
				<Pair key="info"><String></String></Pair>
				<Pair key="str_noitem"><String>msg_no_data</String></Pair>
			</Table>
			<Table key="demo_downloader_C00_EU_genre">
				<Pair key="icon"><String>/dev_hdd0/game/HANTOOLBX/USRDIR/IMAGES/folder.png</String></Pair>
				<Pair key="title"><String>Sorted by genre</String></Pair>
				<Pair key="info"><String></String></Pair>
			</Table>
			<Table key="demo_downloader_C00_EU_score">
				<Pair key="icon"><String>/dev_hdd0/game/HANTOOLBX/USRDIR/IMAGES/folder.png</String></Pair>
				<Pair key="title"><String>Sorted by metascore</String></Pair>
				<Pair key="info"><String></String></Pair>
				<Pair key="str_noitem"><String>msg_no_data</String></Pair>
			</Table>
		</Attributes>
		<Items>
			<Query 
				class="type:x-xmb/folder-pixmap" 
				key="demo_downloader_C00_EU_alpha" 
				attr="demo_downloader_C00_EU_alpha"
				src="xmb://localhost/dev_hdd0/game/HANTOOLBX/USRDIR/RESOURCES/DEMOS/XMLS/C00_EU_alpha.xml#C00_EU_alpha_items"
				/>
			<Query 
				class="type:x-xmb/folder-pixmap" 
				key="demo_downloader_C00_EU_genre" 
				attr="demo_downloader_C00_EU_genre"
				src="#demo_downloader_C00_EU_genre_main"
				/>
			<Query 
				class="type:x-xmb/folder-pixmap" 
				key="demo_downloader_C00_EU_score" 
				attr="demo_downloader_C00_EU_score"
				src="xmb://localhost/dev_hdd0/game/HANTOOLBX/USRDIR/RESOURCES/DEMOS/XMLS/C00_EU_score.xml#C00_EU_score_items"
				/>
		</Items>
	</View>	

<!-- Main Items > External Content > C00 HK -->
	
	<View id="demo_downloader_C00_HK_sorted">
		<Attributes>
			<Table key="demo_downloader_C00_HK_alpha">
				<Pair key="icon"><String>/dev_hdd0/game/HANTOOLBX/USRDIR/IMAGES/folder.png</String></Pair>
				<Pair key="title"><String>Sorted alphabetically</String></Pair>
				<Pair key="info"><String></String></Pair>
				<Pair key="str_noitem"><String>msg_no_data</String></Pair>
			</Table>
			<Table key="demo_downloader_C00_HK_genre">
				<Pair key="icon"><String>/dev_hdd0/game/HANTOOLBX/USRDIR/IMAGES/folder.png</String></Pair>
				<Pair key="title"><String>Sorted by genre</String></Pair>
				<Pair key="info"><String></String></Pair>
			</Table>
			<Table key="demo_downloader_C00_HK_score">
				<Pair key="icon"><String>/dev_hdd0/game/HANTOOLBX/USRDIR/IMAGES/folder.png</String></Pair>
				<Pair key="title"><String>Sorted by metascore</String></Pair>
				<Pair key="info"><String></String></Pair>
				<Pair key="str_noitem"><String>msg_no_data</String></Pair>
			</Table>
		</Attributes>
		<Items>
			<Query 
				class="type:x-xmb/folder-pixmap" 
				key="demo_downloader_C00_HK_alpha" 
				attr="demo_downloader_C00_HK_alpha"
				src="xmb://localhost/dev_hdd0/game/HANTOOLBX/USRDIR/RESOURCES/DEMOS/XMLS/C00_HK_alpha.xml#C00_HK_alpha_items"
				/>
			<Query 
				class="type:x-xmb/folder-pixmap" 
				key="demo_downloader_C00_HK_genre" 
				attr="demo_downloader_C00_HK_genre"
				src="#demo_downloader_C00_HK_genre_main"
				/>
			<Query 
				class="type:x-xmb/folder-pixmap" 
				key="demo_downloader_C00_HK_score" 
				attr="demo_downloader_C00_HK_score"
				src="xmb://localhost/dev_hdd0/game/HANTOOLBX/USRDIR/RESOURCES/DEMOS/XMLS/C00_HK_score.xml#C00_HK_score_items"
				/>
		</Items>
	</View>	

<!-- Main Items > External Content > C00 JP -->
	
	<View id="demo_downloader_C00_JP_sorted">
		<Attributes>
			<Table key="demo_downloader_C00_JP_alpha">
				<Pair key="icon"><String>/dev_hdd0/game/HANTOOLBX/USRDIR/IMAGES/folder.png</String></Pair>
				<Pair key="title"><String>Sorted alphabetically</String></Pair>
				<Pair key="info"><String></String></Pair>
				<Pair key="str_noitem"><String>msg_no_data</String></Pair>
			</Table>
			<Table key="demo_downloader_C00_JP_genre">
				<Pair key="icon"><String>/dev_hdd0/game/HANTOOLBX/USRDIR/IMAGES/folder.png</String></Pair>
				<Pair key="title"><String>Sorted by genre</String></Pair>
				<Pair key="info"><String></String></Pair>
			</Table>
			<Table key="demo_downloader_C00_JP_score">
				<Pair key="icon"><String>/dev_hdd0/game/HANTOOLBX/USRDIR/IMAGES/folder.png</String></Pair>
				<Pair key="title"><String>Sorted by metascore</String></Pair>
				<Pair key="info"><String></String></Pair>
				<Pair key="str_noitem"><String>msg_no_data</String></Pair>
			</Table>
		</Attributes>
		<Items>
			<Query 
				class="type:x-xmb/folder-pixmap" 
				key="demo_downloader_C00_JP_alpha" 
				attr="demo_downloader_C00_JP_alpha"
				src="xmb://localhost/dev_hdd0/game/HANTOOLBX/USRDIR/RESOURCES/DEMOS/XMLS/C00_JP_alpha.xml#C00_JP_alpha_items"
				/>
			<Query 
				class="type:x-xmb/folder-pixmap" 
				key="demo_downloader_C00_JP_genre" 
				attr="demo_downloader_C00_JP_genre"
				src="#demo_downloader_C00_JP_genre_main"
				/>
			<Query 
				class="type:x-xmb/folder-pixmap" 
				key="demo_downloader_C00_JP_score" 
				attr="demo_downloader_C00_JP_score"
				src="xmb://localhost/dev_hdd0/game/HANTOOLBX/USRDIR/RESOURCES/DEMOS/XMLS/C00_JP_score.xml#C00_JP_score_items"
				/>
		</Items>
	</View>	

<!-- Main Items > External Content > C00 US -->
	
	<View id="demo_downloader_C00_US_sorted">
		<Attributes>
			<Table key="demo_downloader_C00_US_alpha">
				<Pair key="icon"><String>/dev_hdd0/game/HANTOOLBX/USRDIR/IMAGES/folder.png</String></Pair>
				<Pair key="title"><String>Sorted alphabetically</String></Pair>
				<Pair key="info"><String></String></Pair>
				<Pair key="str_noitem"><String>msg_no_data</String></Pair>
			</Table>
			<Table key="demo_downloader_C00_US_genre">
				<Pair key="icon"><String>/dev_hdd0/game/HANTOOLBX/USRDIR/IMAGES/folder.png</String></Pair>
				<Pair key="title"><String>Sorted by genre</String></Pair>
				<Pair key="info"><String></String></Pair>
			</Table>
			<Table key="demo_downloader_C00_US_score">
				<Pair key="icon"><String>/dev_hdd0/game/HANTOOLBX/USRDIR/IMAGES/folder.png</String></Pair>
				<Pair key="title"><String>Sorted by metascore</String></Pair>
				<Pair key="info"><String></String></Pair>
				<Pair key="str_noitem"><String>msg_no_data</String></Pair>
			</Table>
		</Attributes>
		<Items>
			<Query 
				class="type:x-xmb/folder-pixmap" 
				key="demo_downloader_C00_US_alpha" 
				attr="demo_downloader_C00_US_alpha"
				src="xmb://localhost/dev_hdd0/game/HANTOOLBX/USRDIR/RESOURCES/DEMOS/XMLS/C00_US_alpha.xml#C00_US_alpha_items"
				/>
			<Query 
				class="type:x-xmb/folder-pixmap" 
				key="demo_downloader_C00_US_genre" 
				attr="demo_downloader_C00_US_genre"
				src="#demo_downloader_C00_US_genre_main"
				/>
			<Query 
				class="type:x-xmb/folder-pixmap" 
				key="demo_downloader_C00_US_score" 
				attr="demo_downloader_C00_US_score"
				src="xmb://localhost/dev_hdd0/game/HANTOOLBX/USRDIR/RESOURCES/DEMOS/XMLS/C00_US_score.xml#C00_US_score_items"
				/>
		</Items>
	</View>	
		
<!-- Main Items > External Content > C00 EU by genre -->
	
	<View id="demo_downloader_C00_EU_genre_main">
		<Attributes>
			<Table key="demo_downloader_C00_EU_genre_action">
				<Pair key="icon"><String>/dev_hdd0/game/HANTOOLBX/USRDIR/IMAGES/folder.png</String></Pair>
				<Pair key="title"><String>Action Adventure</String></Pair>
				<Pair key="info"><String></String></Pair>
				<Pair key="str_noitem"><String>msg_no_data</String></Pair>
			</Table>
			<Table key="demo_downloader_C00_EU_genre_driving">
				<Pair key="icon"><String>/dev_hdd0/game/HANTOOLBX/USRDIR/IMAGES/folder.png</String></Pair>
				<Pair key="title"><String>Driving</String></Pair>
				<Pair key="info"><String></String></Pair>
				<Pair key="str_noitem"><String>msg_no_data</String></Pair>
			</Table>
			<Table key="demo_downloader_C00_EU_genre_fighting">
				<Pair key="icon"><String>/dev_hdd0/game/HANTOOLBX/USRDIR/IMAGES/folder.png</String></Pair>
				<Pair key="title"><String>Fighting</String></Pair>
				<Pair key="info"><String></String></Pair>
				<Pair key="str_noitem"><String>msg_no_data</String></Pair>
			</Table>
			<Table key="demo_downloader_C00_EU_genre_misc">
				<Pair key="icon"><String>/dev_hdd0/game/HANTOOLBX/USRDIR/IMAGES/folder.png</String></Pair>
				<Pair key="title"><String>Misc</String></Pair>
				<Pair key="info"><String></String></Pair>
				<Pair key="str_noitem"><String>msg_no_data</String></Pair>
			</Table>
			<Table key="demo_downloader_C00_EU_genre_platformer">
				<Pair key="icon"><String>/dev_hdd0/game/HANTOOLBX/USRDIR/IMAGES/folder.png</String></Pair>
				<Pair key="title"><String>Platformer</String></Pair>
				<Pair key="info"><String></String></Pair>
				<Pair key="str_noitem"><String>msg_no_data</String></Pair>
			</Table>
			<Table key="demo_downloader_C00_EU_genre_puzzle">
				<Pair key="icon"><String>/dev_hdd0/game/HANTOOLBX/USRDIR/IMAGES/folder.png</String></Pair>
				<Pair key="title"><String>Puzzle</String></Pair>
				<Pair key="info"><String></String></Pair>
				<Pair key="str_noitem"><String>msg_no_data</String></Pair>
			</Table>
			<Table key="demo_downloader_C00_EU_genre_rpg">
				<Pair key="icon"><String>/dev_hdd0/game/HANTOOLBX/USRDIR/IMAGES/folder.png</String></Pair>
				<Pair key="title"><String>RPG</String></Pair>
				<Pair key="info"><String></String></Pair>
				<Pair key="str_noitem"><String>msg_no_data</String></Pair>
			</Table>
			<Table key="demo_downloader_C00_EU_genre_shooter">
				<Pair key="icon"><String>/dev_hdd0/game/HANTOOLBX/USRDIR/IMAGES/folder.png</String></Pair>
				<Pair key="title"><String>Shooter</String></Pair>
				<Pair key="info"><String></String></Pair>
				<Pair key="str_noitem"><String>msg_no_data</String></Pair>
			</Table>
			<Table key="demo_downloader_C00_EU_genre_sports">
				<Pair key="icon"><String>/dev_hdd0/game/HANTOOLBX/USRDIR/IMAGES/folder.png</String></Pair>
				<Pair key="title"><String>Sports</String></Pair>
				<Pair key="info"><String></String></Pair>
				<Pair key="str_noitem"><String>msg_no_data</String></Pair>
			</Table>
			<Table key="demo_downloader_C00_EU_genre_strategy">
				<Pair key="icon"><String>/dev_hdd0/game/HANTOOLBX/USRDIR/IMAGES/folder.png</String></Pair>
				<Pair key="title"><String>Strategy</String></Pair>
				<Pair key="info"><String></String></Pair>
				<Pair key="str_noitem"><String>msg_no_data</String></Pair>
			</Table>
		</Attributes>
		<Items>
			<Query 
				class="type:x-xmb/folder-pixmap" 
				key="demo_downloader_C00_EU_genre_action" 
				attr="demo_downloader_C00_EU_genre_action"
				src="xmb://localhost/dev_hdd0/game/HANTOOLBX/USRDIR/RESOURCES/DEMOS/XMLS/C00_EU_genre.xml#C00_EU_genre_action_items"
				/>
			<Query 
				class="type:x-xmb/folder-pixmap" 
				key="demo_downloader_C00_EU_genre_driving" 
				attr="demo_downloader_C00_EU_genre_driving"
				src="xmb://localhost/dev_hdd0/game/HANTOOLBX/USRDIR/RESOURCES/DEMOS/XMLS/C00_EU_genre.xml#C00_EU_genre_driving_items"
				/>
			<Query 
				class="type:x-xmb/folder-pixmap" 
				key="demo_downloader_C00_EU_genre_fighting" 
				attr="demo_downloader_C00_EU_genre_fighting"
				src="xmb://localhost/dev_hdd0/game/HANTOOLBX/USRDIR/RESOURCES/DEMOS/XMLS/C00_EU_genre.xml#C00_EU_genre_fighting_items"
				/>
			<Query 
				class="type:x-xmb/folder-pixmap" 
				key="demo_downloader_C00_EU_genre_misc" 
				attr="demo_downloader_C00_EU_genre_misc"
				src="xmb://localhost/dev_hdd0/game/HANTOOLBX/USRDIR/RESOURCES/DEMOS/XMLS/C00_EU_genre.xml#C00_EU_genre_misc_items"
				/>
			<Query 
				class="type:x-xmb/folder-pixmap" 
				key="demo_downloader_C00_EU_genre_platformer" 
				attr="demo_downloader_C00_EU_genre_platformer"
				src="xmb://localhost/dev_hdd0/game/HANTOOLBX/USRDIR/RESOURCES/DEMOS/XMLS/C00_EU_genre.xml#C00_EU_genre_platformer_items"
				/>
			<Query 
				class="type:x-xmb/folder-pixmap" 
				key="demo_downloader_C00_EU_genre_puzzle" 
				attr="demo_downloader_C00_EU_genre_puzzle"
				src="xmb://localhost/dev_hdd0/game/HANTOOLBX/USRDIR/RESOURCES/DEMOS/XMLS/C00_EU_genre.xml#C00_EU_genre_puzzle_items"
				/>
			<Query 
				class="type:x-xmb/folder-pixmap" 
				key="demo_downloader_C00_EU_genre_rpg" 
				attr="demo_downloader_C00_EU_genre_rpg"
				src="xmb://localhost/dev_hdd0/game/HANTOOLBX/USRDIR/RESOURCES/DEMOS/XMLS/C00_EU_genre.xml#C00_EU_genre_rpg_items"
				/>
			<Query 
				class="type:x-xmb/folder-pixmap" 
				key="demo_downloader_C00_EU_genre_shooter" 
				attr="demo_downloader_C00_EU_genre_shooter"
				src="xmb://localhost/dev_hdd0/game/HANTOOLBX/USRDIR/RESOURCES/DEMOS/XMLS/C00_EU_genre.xml#C00_EU_genre_shooter_items"
				/>
			<Query 
				class="type:x-xmb/folder-pixmap" 
				key="demo_downloader_C00_EU_genre_sports" 
				attr="demo_downloader_C00_EU_genre_sports"
				src="xmb://localhost/dev_hdd0/game/HANTOOLBX/USRDIR/RESOURCES/DEMOS/XMLS/C00_EU_genre.xml#C00_EU_genre_sports_items"
				/>
			<Query 
				class="type:x-xmb/folder-pixmap" 
				key="demo_downloader_C00_EU_genre_strategy" 
				attr="demo_downloader_C00_EU_genre_strategy"
				src="xmb://localhost/dev_hdd0/game/HANTOOLBX/USRDIR/RESOURCES/DEMOS/XMLS/C00_EU_genre.xml#C00_EU_genre_strategy_items"
				/>
		</Items>
	</View>
		
<!-- Main Items > External Content > C00 HK by genre -->
	
	<View id="demo_downloader_C00_HK_genre_main">
		<Attributes>
			<Table key="demo_downloader_C00_HK_genre_action">
				<Pair key="icon"><String>/dev_hdd0/game/HANTOOLBX/USRDIR/IMAGES/folder.png</String></Pair>
				<Pair key="title"><String>Action Adventure</String></Pair>
				<Pair key="info"><String></String></Pair>
				<Pair key="str_noitem"><String>msg_no_data</String></Pair>
			</Table>
			<Table key="demo_downloader_C00_HK_genre_driving">
				<Pair key="icon"><String>/dev_hdd0/game/HANTOOLBX/USRDIR/IMAGES/folder.png</String></Pair>
				<Pair key="title"><String>Driving</String></Pair>
				<Pair key="info"><String></String></Pair>
				<Pair key="str_noitem"><String>msg_no_data</String></Pair>
			</Table>
			<Table key="demo_downloader_C00_HK_genre_fighting">
				<Pair key="icon"><String>/dev_hdd0/game/HANTOOLBX/USRDIR/IMAGES/folder.png</String></Pair>
				<Pair key="title"><String>Fighting</String></Pair>
				<Pair key="info"><String></String></Pair>
				<Pair key="str_noitem"><String>msg_no_data</String></Pair>
			</Table>
			<Table key="demo_downloader_C00_HK_genre_misc">
				<Pair key="icon"><String>/dev_hdd0/game/HANTOOLBX/USRDIR/IMAGES/folder.png</String></Pair>
				<Pair key="title"><String>Misc</String></Pair>
				<Pair key="info"><String></String></Pair>
				<Pair key="str_noitem"><String>msg_no_data</String></Pair>
			</Table>
			<Table key="demo_downloader_C00_HK_genre_platformer">
				<Pair key="icon"><String>/dev_hdd0/game/HANTOOLBX/USRDIR/IMAGES/folder.png</String></Pair>
				<Pair key="title"><String>Platformer</String></Pair>
				<Pair key="info"><String></String></Pair>
				<Pair key="str_noitem"><String>msg_no_data</String></Pair>
			</Table>
			<Table key="demo_downloader_C00_HK_genre_puzzle">
				<Pair key="icon"><String>/dev_hdd0/game/HANTOOLBX/USRDIR/IMAGES/folder.png</String></Pair>
				<Pair key="title"><String>Puzzle</String></Pair>
				<Pair key="info"><String></String></Pair>
				<Pair key="str_noitem"><String>msg_no_data</String></Pair>
			</Table>
			<Table key="demo_downloader_C00_HK_genre_rpg">
				<Pair key="icon"><String>/dev_hdd0/game/HANTOOLBX/USRDIR/IMAGES/folder.png</String></Pair>
				<Pair key="title"><String>RPG</String></Pair>
				<Pair key="info"><String></String></Pair>
				<Pair key="str_noitem"><String>msg_no_data</String></Pair>
			</Table>
			<Table key="demo_downloader_C00_HK_genre_shooter">
				<Pair key="icon"><String>/dev_hdd0/game/HANTOOLBX/USRDIR/IMAGES/folder.png</String></Pair>
				<Pair key="title"><String>Shooter</String></Pair>
				<Pair key="info"><String></String></Pair>
				<Pair key="str_noitem"><String>msg_no_data</String></Pair>
			</Table>
			<Table key="demo_downloader_C00_HK_genre_strategy">
				<Pair key="icon"><String>/dev_hdd0/game/HANTOOLBX/USRDIR/IMAGES/folder.png</String></Pair>
				<Pair key="title"><String>Strategy</String></Pair>
				<Pair key="info"><String></String></Pair>
				<Pair key="str_noitem"><String>msg_no_data</String></Pair>
			</Table>
		</Attributes>
		<Items>
			<Query 
				class="type:x-xmb/folder-pixmap" 
				key="demo_downloader_C00_HK_genre_action" 
				attr="demo_downloader_C00_HK_genre_action"
				src="xmb://localhost/dev_hdd0/game/HANTOOLBX/USRDIR/RESOURCES/DEMOS/XMLS/C00_HK_genre.xml#C00_HK_genre_action_items"
				/>
			<Query 
				class="type:x-xmb/folder-pixmap" 
				key="demo_downloader_C00_HK_genre_driving" 
				attr="demo_downloader_C00_HK_genre_driving"
				src="xmb://localhost/dev_hdd0/game/HANTOOLBX/USRDIR/RESOURCES/DEMOS/XMLS/C00_HK_genre.xml#C00_HK_genre_driving_items"
				/>
			<Query 
				class="type:x-xmb/folder-pixmap" 
				key="demo_downloader_C00_HK_genre_fighting" 
				attr="demo_downloader_C00_HK_genre_fighting"
				src="xmb://localhost/dev_hdd0/game/HANTOOLBX/USRDIR/RESOURCES/DEMOS/XMLS/C00_HK_genre.xml#C00_HK_genre_fighting_items"
				/>
			<Query 
				class="type:x-xmb/folder-pixmap" 
				key="demo_downloader_C00_HK_genre_misc" 
				attr="demo_downloader_C00_HK_genre_misc"
				src="xmb://localhost/dev_hdd0/game/HANTOOLBX/USRDIR/RESOURCES/DEMOS/XMLS/C00_HK_genre.xml#C00_HK_genre_misc_items"
				/>
			<Query 
				class="type:x-xmb/folder-pixmap" 
				key="demo_downloader_C00_HK_genre_platformer" 
				attr="demo_downloader_C00_HK_genre_platformer"
				src="xmb://localhost/dev_hdd0/game/HANTOOLBX/USRDIR/RESOURCES/DEMOS/XMLS/C00_HK_genre.xml#C00_HK_genre_platformer_items"
				/>
			<Query 
				class="type:x-xmb/folder-pixmap" 
				key="demo_downloader_C00_HK_genre_puzzle" 
				attr="demo_downloader_C00_HK_genre_puzzle"
				src="xmb://localhost/dev_hdd0/game/HANTOOLBX/USRDIR/RESOURCES/DEMOS/XMLS/C00_HK_genre.xml#C00_HK_genre_puzzle_items"
				/>
			<Query 
				class="type:x-xmb/folder-pixmap" 
				key="demo_downloader_C00_HK_genre_rpg" 
				attr="demo_downloader_C00_HK_genre_rpg"
				src="xmb://localhost/dev_hdd0/game/HANTOOLBX/USRDIR/RESOURCES/DEMOS/XMLS/C00_HK_genre.xml#C00_HK_genre_rpg_items"
				/>
			<Query 
				class="type:x-xmb/folder-pixmap" 
				key="demo_downloader_C00_HK_genre_shooter" 
				attr="demo_downloader_C00_HK_genre_shooter"
				src="xmb://localhost/dev_hdd0/game/HANTOOLBX/USRDIR/RESOURCES/DEMOS/XMLS/C00_HK_genre.xml#C00_HK_genre_shooter_items"
				/>
			<Query 
				class="type:x-xmb/folder-pixmap" 
				key="demo_downloader_C00_HK_genre_strategy" 
				attr="demo_downloader_C00_HK_genre_strategy"
				src="xmb://localhost/dev_hdd0/game/HANTOOLBX/USRDIR/RESOURCES/DEMOS/XMLS/C00_HK_genre.xml#C00_HK_genre_strategy_items"
				/>
		</Items>
	</View>	
		
<!-- Main Items > External Content > C00 JP by genre -->
	
	<View id="demo_downloader_C00_JP_genre_main">
		<Attributes>
			<Table key="demo_downloader_C00_JP_genre_action">
				<Pair key="icon"><String>/dev_hdd0/game/HANTOOLBX/USRDIR/IMAGES/folder.png</String></Pair>
				<Pair key="title"><String>Action Adventure</String></Pair>
				<Pair key="info"><String></String></Pair>
				<Pair key="str_noitem"><String>msg_no_data</String></Pair>
			</Table>
			<Table key="demo_downloader_C00_JP_genre_driving">
				<Pair key="icon"><String>/dev_hdd0/game/HANTOOLBX/USRDIR/IMAGES/folder.png</String></Pair>
				<Pair key="title"><String>Driving</String></Pair>
				<Pair key="info"><String></String></Pair>
				<Pair key="str_noitem"><String>msg_no_data</String></Pair>
			</Table>
			<Table key="demo_downloader_C00_JP_genre_fighting">
				<Pair key="icon"><String>/dev_hdd0/game/HANTOOLBX/USRDIR/IMAGES/folder.png</String></Pair>
				<Pair key="title"><String>Fighting</String></Pair>
				<Pair key="info"><String></String></Pair>
				<Pair key="str_noitem"><String>msg_no_data</String></Pair>
			</Table>
			<Table key="demo_downloader_C00_JP_genre_misc">
				<Pair key="icon"><String>/dev_hdd0/game/HANTOOLBX/USRDIR/IMAGES/folder.png</String></Pair>
				<Pair key="title"><String>Misc</String></Pair>
				<Pair key="info"><String></String></Pair>
				<Pair key="str_noitem"><String>msg_no_data</String></Pair>
			</Table>
			<Table key="demo_downloader_C00_JP_genre_platformer">
				<Pair key="icon"><String>/dev_hdd0/game/HANTOOLBX/USRDIR/IMAGES/folder.png</String></Pair>
				<Pair key="title"><String>Platformer</String></Pair>
				<Pair key="info"><String></String></Pair>
				<Pair key="str_noitem"><String>msg_no_data</String></Pair>
			</Table>
			<Table key="demo_downloader_C00_JP_genre_puzzle">
				<Pair key="icon"><String>/dev_hdd0/game/HANTOOLBX/USRDIR/IMAGES/folder.png</String></Pair>
				<Pair key="title"><String>Puzzle</String></Pair>
				<Pair key="info"><String></String></Pair>
				<Pair key="str_noitem"><String>msg_no_data</String></Pair>
			</Table>
			<Table key="demo_downloader_C00_JP_genre_rpg">
				<Pair key="icon"><String>/dev_hdd0/game/HANTOOLBX/USRDIR/IMAGES/folder.png</String></Pair>
				<Pair key="title"><String>RPG</String></Pair>
				<Pair key="info"><String></String></Pair>
				<Pair key="str_noitem"><String>msg_no_data</String></Pair>
			</Table>
			<Table key="demo_downloader_C00_JP_genre_shooter">
				<Pair key="icon"><String>/dev_hdd0/game/HANTOOLBX/USRDIR/IMAGES/folder.png</String></Pair>
				<Pair key="title"><String>Shooter</String></Pair>
				<Pair key="info"><String></String></Pair>
				<Pair key="str_noitem"><String>msg_no_data</String></Pair>
			</Table>
			<Table key="demo_downloader_C00_JP_genre_sports">
				<Pair key="icon"><String>/dev_hdd0/game/HANTOOLBX/USRDIR/IMAGES/folder.png</String></Pair>
				<Pair key="title"><String>Sports</String></Pair>
				<Pair key="info"><String></String></Pair>
				<Pair key="str_noitem"><String>msg_no_data</String></Pair>
			</Table>
			<Table key="demo_downloader_C00_JP_genre_strategy">
				<Pair key="icon"><String>/dev_hdd0/game/HANTOOLBX/USRDIR/IMAGES/folder.png</String></Pair>
				<Pair key="title"><String>Strategy</String></Pair>
				<Pair key="info"><String></String></Pair>
				<Pair key="str_noitem"><String>msg_no_data</String></Pair>
			</Table>
		</Attributes>
		<Items>
			<Query 
				class="type:x-xmb/folder-pixmap" 
				key="demo_downloader_C00_JP_genre_action" 
				attr="demo_downloader_C00_JP_genre_action"
				src="xmb://localhost/dev_hdd0/game/HANTOOLBX/USRDIR/RESOURCES/DEMOS/XMLS/C00_JP_genre.xml#C00_JP_genre_action_items"
				/>
			<Query 
				class="type:x-xmb/folder-pixmap" 
				key="demo_downloader_C00_JP_genre_driving" 
				attr="demo_downloader_C00_JP_genre_driving"
				src="xmb://localhost/dev_hdd0/game/HANTOOLBX/USRDIR/RESOURCES/DEMOS/XMLS/C00_JP_genre.xml#C00_JP_genre_driving_items"
				/>
			<Query 
				class="type:x-xmb/folder-pixmap" 
				key="demo_downloader_C00_JP_genre_fighting" 
				attr="demo_downloader_C00_JP_genre_fighting"
				src="xmb://localhost/dev_hdd0/game/HANTOOLBX/USRDIR/RESOURCES/DEMOS/XMLS/C00_JP_genre.xml#C00_JP_genre_fighting_items"
				/>
			<Query 
				class="type:x-xmb/folder-pixmap" 
				key="demo_downloader_C00_JP_genre_misc" 
				attr="demo_downloader_C00_JP_genre_misc"
				src="xmb://localhost/dev_hdd0/game/HANTOOLBX/USRDIR/RESOURCES/DEMOS/XMLS/C00_JP_genre.xml#C00_JP_genre_misc_items"
				/>
			<Query 
				class="type:x-xmb/folder-pixmap" 
				key="demo_downloader_C00_JP_genre_platformer" 
				attr="demo_downloader_C00_JP_genre_platformer"
				src="xmb://localhost/dev_hdd0/game/HANTOOLBX/USRDIR/RESOURCES/DEMOS/XMLS/C00_JP_genre.xml#C00_JP_genre_platformer_items"
				/>
			<Query 
				class="type:x-xmb/folder-pixmap" 
				key="demo_downloader_C00_JP_genre_puzzle" 
				attr="demo_downloader_C00_JP_genre_puzzle"
				src="xmb://localhost/dev_hdd0/game/HANTOOLBX/USRDIR/RESOURCES/DEMOS/XMLS/C00_JP_genre.xml#C00_JP_genre_puzzle_items"
				/>
			<Query 
				class="type:x-xmb/folder-pixmap" 
				key="demo_downloader_C00_JP_genre_rpg" 
				attr="demo_downloader_C00_JP_genre_rpg"
				src="xmb://localhost/dev_hdd0/game/HANTOOLBX/USRDIR/RESOURCES/DEMOS/XMLS/C00_JP_genre.xml#C00_JP_genre_rpg_items"
				/>
			<Query 
				class="type:x-xmb/folder-pixmap" 
				key="demo_downloader_C00_JP_genre_shooter" 
				attr="demo_downloader_C00_JP_genre_shooter"
				src="xmb://localhost/dev_hdd0/game/HANTOOLBX/USRDIR/RESOURCES/DEMOS/XMLS/C00_JP_genre.xml#C00_JP_genre_shooter_items"
				/>
			<Query 
				class="type:x-xmb/folder-pixmap" 
				key="demo_downloader_C00_JP_genre_sports" 
				attr="demo_downloader_C00_JP_genre_sports"
				src="xmb://localhost/dev_hdd0/game/HANTOOLBX/USRDIR/RESOURCES/DEMOS/XMLS/C00_JP_genre.xml#C00_JP_genre_sports_items"
				/>
			<Query 
				class="type:x-xmb/folder-pixmap" 
				key="demo_downloader_C00_JP_genre_strategy" 
				attr="demo_downloader_C00_JP_genre_strategy"
				src="xmb://localhost/dev_hdd0/game/HANTOOLBX/USRDIR/RESOURCES/DEMOS/XMLS/C00_JP_genre.xml#C00_JP_genre_strategy_items"
				/>
		</Items>
	</View>	
		
<!-- Main Items > External Content > C00 US by genre -->
	
	<View id="demo_downloader_C00_US_genre_main">
		<Attributes>
			<Table key="demo_downloader_C00_US_genre_action">
				<Pair key="icon"><String>/dev_hdd0/game/HANTOOLBX/USRDIR/IMAGES/folder.png</String></Pair>
				<Pair key="title"><String>Action Adventure</String></Pair>
				<Pair key="info"><String></String></Pair>
				<Pair key="str_noitem"><String>msg_no_data</String></Pair>
			</Table>
			<Table key="demo_downloader_C00_US_genre_driving">
				<Pair key="icon"><String>/dev_hdd0/game/HANTOOLBX/USRDIR/IMAGES/folder.png</String></Pair>
				<Pair key="title"><String>Driving</String></Pair>
				<Pair key="info"><String></String></Pair>
				<Pair key="str_noitem"><String>msg_no_data</String></Pair>
			</Table>
			<Table key="demo_downloader_C00_US_genre_fighting">
				<Pair key="icon"><String>/dev_hdd0/game/HANTOOLBX/USRDIR/IMAGES/folder.png</String></Pair>
				<Pair key="title"><String>Fighting</String></Pair>
				<Pair key="info"><String></String></Pair>
				<Pair key="str_noitem"><String>msg_no_data</String></Pair>
			</Table>
			<Table key="demo_downloader_C00_US_genre_misc">
				<Pair key="icon"><String>/dev_hdd0/game/HANTOOLBX/USRDIR/IMAGES/folder.png</String></Pair>
				<Pair key="title"><String>Misc</String></Pair>
				<Pair key="info"><String></String></Pair>
				<Pair key="str_noitem"><String>msg_no_data</String></Pair>
			</Table>
			<Table key="demo_downloader_C00_US_genre_platformer">
				<Pair key="icon"><String>/dev_hdd0/game/HANTOOLBX/USRDIR/IMAGES/folder.png</String></Pair>
				<Pair key="title"><String>Platformer</String></Pair>
				<Pair key="info"><String></String></Pair>
				<Pair key="str_noitem"><String>msg_no_data</String></Pair>
			</Table>
			<Table key="demo_downloader_C00_US_genre_puzzle">
				<Pair key="icon"><String>/dev_hdd0/game/HANTOOLBX/USRDIR/IMAGES/folder.png</String></Pair>
				<Pair key="title"><String>Puzzle</String></Pair>
				<Pair key="info"><String></String></Pair>
				<Pair key="str_noitem"><String>msg_no_data</String></Pair>
			</Table>
			<Table key="demo_downloader_C00_US_genre_rpg">
				<Pair key="icon"><String>/dev_hdd0/game/HANTOOLBX/USRDIR/IMAGES/folder.png</String></Pair>
				<Pair key="title"><String>RPG</String></Pair>
				<Pair key="info"><String></String></Pair>
				<Pair key="str_noitem"><String>msg_no_data</String></Pair>
			</Table>
			<Table key="demo_downloader_C00_US_genre_shooter">
				<Pair key="icon"><String>/dev_hdd0/game/HANTOOLBX/USRDIR/IMAGES/folder.png</String></Pair>
				<Pair key="title"><String>Shooter</String></Pair>
				<Pair key="info"><String></String></Pair>
				<Pair key="str_noitem"><String>msg_no_data</String></Pair>
			</Table>
			<Table key="demo_downloader_C00_US_genre_sports">
				<Pair key="icon"><String>/dev_hdd0/game/HANTOOLBX/USRDIR/IMAGES/folder.png</String></Pair>
				<Pair key="title"><String>Sports</String></Pair>
				<Pair key="info"><String></String></Pair>
				<Pair key="str_noitem"><String>msg_no_data</String></Pair>
			</Table>
			<Table key="demo_downloader_C00_US_genre_strategy">
				<Pair key="icon"><String>/dev_hdd0/game/HANTOOLBX/USRDIR/IMAGES/folder.png</String></Pair>
				<Pair key="title"><String>Strategy</String></Pair>
				<Pair key="info"><String></String></Pair>
				<Pair key="str_noitem"><String>msg_no_data</String></Pair>
			</Table>
		</Attributes>
		<Items>
			<Query 
				class="type:x-xmb/folder-pixmap" 
				key="demo_downloader_C00_US_genre_action" 
				attr="demo_downloader_C00_US_genre_action"
				src="xmb://localhost/dev_hdd0/game/HANTOOLBX/USRDIR/RESOURCES/DEMOS/XMLS/C00_US_genre.xml#C00_US_genre_action_items"
				/>
			<Query 
				class="type:x-xmb/folder-pixmap" 
				key="demo_downloader_C00_US_genre_driving" 
				attr="demo_downloader_C00_US_genre_driving"
				src="xmb://localhost/dev_hdd0/game/HANTOOLBX/USRDIR/RESOURCES/DEMOS/XMLS/C00_US_genre.xml#C00_US_genre_driving_items"
				/>
			<Query 
				class="type:x-xmb/folder-pixmap" 
				key="demo_downloader_C00_US_genre_fighting" 
				attr="demo_downloader_C00_US_genre_fighting"
				src="xmb://localhost/dev_hdd0/game/HANTOOLBX/USRDIR/RESOURCES/DEMOS/XMLS/C00_US_genre.xml#C00_US_genre_fighting_items"
				/>
			<Query 
				class="type:x-xmb/folder-pixmap" 
				key="demo_downloader_C00_US_genre_misc" 
				attr="demo_downloader_C00_US_genre_misc"
				src="xmb://localhost/dev_hdd0/game/HANTOOLBX/USRDIR/RESOURCES/DEMOS/XMLS/C00_US_genre.xml#C00_US_genre_misc_items"
				/>
			<Query 
				class="type:x-xmb/folder-pixmap" 
				key="demo_downloader_C00_US_genre_platformer" 
				attr="demo_downloader_C00_US_genre_platformer"
				src="xmb://localhost/dev_hdd0/game/HANTOOLBX/USRDIR/RESOURCES/DEMOS/XMLS/C00_US_genre.xml#C00_US_genre_platformer_items"
				/>
			<Query 
				class="type:x-xmb/folder-pixmap" 
				key="demo_downloader_C00_US_genre_puzzle" 
				attr="demo_downloader_C00_US_genre_puzzle"
				src="xmb://localhost/dev_hdd0/game/HANTOOLBX/USRDIR/RESOURCES/DEMOS/XMLS/C00_US_genre.xml#C00_US_genre_puzzle_items"
				/>
			<Query 
				class="type:x-xmb/folder-pixmap" 
				key="demo_downloader_C00_US_genre_rpg" 
				attr="demo_downloader_C00_US_genre_rpg"
				src="xmb://localhost/dev_hdd0/game/HANTOOLBX/USRDIR/RESOURCES/DEMOS/XMLS/C00_US_genre.xml#C00_US_genre_rpg_items"
				/>
			<Query 
				class="type:x-xmb/folder-pixmap" 
				key="demo_downloader_C00_US_genre_shooter" 
				attr="demo_downloader_C00_US_genre_shooter"
				src="xmb://localhost/dev_hdd0/game/HANTOOLBX/USRDIR/RESOURCES/DEMOS/XMLS/C00_US_genre.xml#C00_US_genre_shooter_items"
				/>
			<Query 
				class="type:x-xmb/folder-pixmap" 
				key="demo_downloader_C00_US_genre_sports" 
				attr="demo_downloader_C00_US_genre_sports"
				src="xmb://localhost/dev_hdd0/game/HANTOOLBX/USRDIR/RESOURCES/DEMOS/XMLS/C00_US_genre.xml#C00_US_genre_sports_items"
				/>
			<Query 
				class="type:x-xmb/folder-pixmap" 
				key="demo_downloader_C00_US_genre_strategy" 
				attr="demo_downloader_C00_US_genre_strategy"
				src="xmb://localhost/dev_hdd0/game/HANTOOLBX/USRDIR/RESOURCES/DEMOS/XMLS/C00_US_genre.xml#C00_US_genre_strategy_items"
				/>
		</Items>
	</View>			
		
</XMBML>
