<XMBML version="1.0">

<!-- Main Items > Toolbox Settings (here : icon update notification + v#) -->
		
	<View id="han_toolbox_setup_main">
		<Attributes>
			<Table key="han_toolbox_lang">
				<Pair key="icon"><String>/dev_hdd0/game/HANTOOLBX/USRDIR/IMAGES/faces.png</String></Pair>
				<Pair key="title"><String>Toolbox Multi Language</String></Pair>
				<Pair key="info"><String>Install/Uninstall the HAN Toolbox lang resources files</String></Pair>
			</Table>
			<Table key="han_toolbox_resources">
				<Pair key="icon"><String>/dev_hdd0/game/HANTOOLBX/USRDIR/IMAGES/pkg_file.png</String></Pair>
				<Pair key="title"><String>Toolbox Resources</String></Pair>
				<Pair key="info"><String>Install/Uninstall the HAN Toolbox resources packages</String></Pair>
			</Table>
			<Table key="han_ps3xploit_site">
				<Pair key="icon"><String>/dev_hdd0/game/HANTOOLBX/USRDIR/IMAGES/site.png</String></Pair>
				<Pair key="title"><String>PS3Xploit Website</String></Pair>
				<Pair key="info"><String>PS3Xploit Homepage</String></Pair>
				<Pair key="module_name"><String>webrender_plugin</String></Pair>
				<Pair key="module_action"><String>http://ps3xploit.com/</String></Pair>
			</Table>
			<Table key="han_toolbox_update">
				<Pair key="icon"><String>http://raw.githubusercontent.com/ShaolinAssassin/HAN-Toolbox/master/update_status/v0.7.1-update.png</String></Pair>
				<Pair key="title"><String>Update Toolbox</String></Pair>
				<Pair key="info"><String>Download and install the latest Toolbox package and reboot after</String></Pair>
			</Table>
			<Table key="han_toolbox_about">
				<Pair key="icon"><String>/dev_hdd0/game/HANTOOLBX/USRDIR/IMAGES/list.png</String></Pair>
				<Pair key="title"><String>Version 0.8.1 Unofficial (updated and improved by DADi590)</String></Pair>
				<Pair key="info"><String>By DeViL303, Pink1, esc0rtd3w, Berion, ShaolinAssassin, Demon Hades, lmn7 and 0_obeWAN
				Massive thanks to the PS3Xploit Team & Joonie for all the hacks</String></Pair>
			</Table>
		</Attributes>
		<Items>
			<Query 
				class="type:x-xmb/folder-pixmap" 
				key="han_toolbox_lang" 
				attr="han_toolbox_lang"
				src="#han_toolbox_lang_items"
				/>
			<Query 
				class="type:x-xmb/folder-pixmap" 
				key="han_toolbox_resources" 
				attr="han_toolbox_resources"
				src="#han_toolbox_resources_items"
				/>
			<Query 
				class="type:x-xmb/module-action"
				key="han_ps3xploit_site"
				attr="han_ps3xploit_site"
				/>
			<Query 
				class="type:x-xmb/folder-pixmap" 
				key="han_toolbox_update" 
				attr="han_toolbox_update"
				src="xmb://localhost/dev_hdd0/game/HANTOOLBX/USRDIR/XMLS/han_toolbox_stuff_downloader.xml#han_toolbox_update_main"
				/>
			<Query 
				class="type:x-xmb/folder-pixmap"
				key="han_toolbox_about"
				attr="han_toolbox_about"
				src="#han_toolbox_changelog"
				/>
		</Items>
	</View>

<!-- Main Items > Toolbox Settings > Toolbox Multi Language -->

	<View id="han_toolbox_lang_items">
		<Attributes>
			<Table key="han_toolbox_check_lang_item">
				<Pair key="icon"><String>/dev_hdd0/game/HANTOOLBX/USRDIR/IMAGES/list.png</String></Pair>
				<Pair key="title"><String>HAN Toolbox is translated in the following languages :</String></Pair>
				<Pair key="info"><String>Press  to see the list</String></Pair>
			</Table>
			<Table key="han_toolbox_install_lang">
				<Pair key="icon"><String>/dev_hdd0/game/HANTOOLBX/USRDIR/IMAGES/pkg_faces.png</String></Pair>
				<Pair key="title"><String>Install Multi Language</String></Pair>
				<Pair key="info"><String>Download and install the lang resources and reboot after</String></Pair>
			</Table>
			<Table key="han_toolbox_uninstall_lang">
				<Pair key="icon"><String>/dev_hdd0/game/HANTOOLBX/USRDIR/IMAGES/delete_faces.png</String></Pair>
				<Pair key="title"><String>Remove Multi Language</String></Pair>
				<Pair key="info"><String>Restore English language of HAN Toolbox and reboot after</String></Pair>
			</Table>
		</Attributes>
		<Items>
			<Query 
				class="type:x-xmb/folder-pixmap" 
				key="han_toolbox_check_lang_item" 
				attr="han_toolbox_check_lang_item"
				src="#han_toolbox_lang_available"				
				/>
			<Query 
				class="type:x-xmb/module-action" 
				key="han_toolbox_install_lang" 
				attr="han_toolbox_install_lang"
				src="xmb://localhost/dev_hdd0/game/HANTOOLBX/USRDIR/XMLS/han_toolbox_stuff_downloader.xml#han_toolbox_multi_update_main"
				/>
			<Query 
				class="type:x-xmb/folder-pixmap" 
				key="han_toolbox_uninstall_lang" 
				attr="han_toolbox_uninstall_lang"
				src="xmb://localhost/dev_hdd0/game/HANTOOLBX/USRDIR/XMLS/han_toolbox_stuff_downloader.xml#han_toolbox_update_main"
			/>
		</Items>
	</View>
		
<!-- Main Items > Toolbox Settings > Toolbox Multi Language > Install Multi Language -->
		
<!--	<View id="han_toolbox_install_lang_main">
		<Attributes>
			<Table key="han_toolbox_check_lang">
				<Pair key="icon"><String>/dev_hdd0/game/HANTOOLBX/USRDIR/IMAGES/list.png</String></Pair>
				<Pair key="title"><String>HAN Toolbox is translated in the following languages :</String></Pair>
				<Pair key="info"><String>Press  to see the list</String></Pair>
			</Table>
			<Table key="han_download_multi_lang_pkg">
				<Pair key="icon"><String>/dev_hdd0/game/HANTOOLBX/USRDIR/IMAGES/pkg_file.png</String></Pair>
				<Pair key="title"><String>Step 1: Download Toolbox Multi Lang PKG</String></Pair>
				<Pair key="info"><String>Download and install Toolbox Multi Lang PKG (do NOT reboot)</String></Pair>
			</Table>
			<Table key="han_inject_lang_rco">
				<Pair key="icon"><String>/dev_hdd0/game/HANTOOLBX/USRDIR/IMAGES/inj_rco.png</String></Pair>
				<Pair key="title"><String>Step 2: Inject lang RCO file</String></Pair>
				<Pair key="info"><String>Copy downloaded explore_plugin_full.rco from HANTOOLBX/USRDIR/files to dev_flash/vsh/resource/*.rco</String></Pair>
				<Pair key="module_name"><String>webrender_plugin</String></Pair>
				<Pair key="module_action"><String>http://ps3xploit.com/flash_rco_replacer/flash_rco_replacer.html</String></Pair>
			</Table>
		</Attributes>
		<Items>
			<Query 
				class="type:x-xmb/folder-pixmap" 
				key="han_toolbox_check_lang" 
				attr="han_toolbox_check_lang"
				src="#han_toolbox_lang_available"				
				/>
			<Query 
				class="type:x-xmb/folder-pixmap" 
				key="han_download_multi_lang_pkg" 
				attr="han_download_multi_lang_pkg"
				src="xmb://localhost/dev_hdd0/game/HANTOOLBX/USRDIR/XMLS/han_toolbox_stuff_downloader.xml#han_download_multi_lang_pkg_main"
				/>
			<Query 
				class="type:x-xmb/module-action"
				key="han_inject_lang_rco"
				attr="han_inject_lang_rco"
				/>
		</Items>
	</View>

<!-- Main Items > Toolbox Settings > Toolbox Multi Language > Install Multi Language > Lang available (here) -->

	<View id="han_toolbox_lang_available">
		<Attributes>
			<Table key="han_toolbox_lang_chinese_s">
				<Pair key="icon"><String>/dev_hdd0/game/HANTOOLBX/USRDIR/IMAGES/lang/ch-zh.png</String></Pair>
				<Pair key="title"><String>Chinese (Simplified)</String></Pair>
				<Pair key="info"><String>Available: No</String></Pair>
			</Table>
			<Table key="han_toolbox_lang_chinese_t">
				<Pair key="icon"><String>/dev_hdd0/game/HANTOOLBX/USRDIR/IMAGES/lang/ch-zh.png</String></Pair>
				<Pair key="title"><String>Chinese (Traditional)</String></Pair>
				<Pair key="info"><String>Available: No</String></Pair>
			</Table>
			<Table key="han_toolbox_lang_danish">
				<Pair key="icon"><String>/dev_hdd0/game/HANTOOLBX/USRDIR/IMAGES/lang/da.png</String></Pair>
				<Pair key="title"><String>Danish</String></Pair>
				<Pair key="info"><String>Available: No</String></Pair>
			</Table>
			<Table key="han_toolbox_lang_dutch">
				<Pair key="icon"><String>/dev_hdd0/game/HANTOOLBX/USRDIR/IMAGES/lang/nl.png</String></Pair>
				<Pair key="title"><String>Dutch</String></Pair>
				<Pair key="info"><String>Available: No</String></Pair>
			</Table>
			<Table key="han_toolbox_lang_english-UK">
				<Pair key="icon"><String>/dev_hdd0/game/HANTOOLBX/USRDIR/IMAGES/lang/en-UK.png</String></Pair>
				<Pair key="title"><String>English (United Kingdom)</String></Pair>
				<Pair key="info"><String>Available: Yes (Default)</String></Pair>
			</Table>
			<Table key="han_toolbox_lang_english-US">
				<Pair key="icon"><String>/dev_hdd0/game/HANTOOLBX/USRDIR/IMAGES/lang/en-US.png</String></Pair>
				<Pair key="title"><String>English (United States)</String></Pair>
				<Pair key="info"><String>Available: Yes (Default)</String></Pair>
			</Table>
			<Table key="han_toolbox_lang_finnish">
				<Pair key="icon"><String>/dev_hdd0/game/HANTOOLBX/USRDIR/IMAGES/lang/fi.png</String></Pair>
				<Pair key="title"><String>Finnish</String></Pair>
				<Pair key="info"><String>Available: No</String></Pair>
			</Table>
			<Table key="han_toolbox_lang_french">
				<Pair key="icon"><String>/dev_hdd0/game/HANTOOLBX/USRDIR/IMAGES/lang/fr.png</String></Pair>
				<Pair key="title"><String>French</String></Pair>
				<Pair key="info"><String>Available: No</String></Pair>
			</Table>
			<Table key="han_toolbox_lang_german">
				<Pair key="icon"><String>/dev_hdd0/game/HANTOOLBX/USRDIR/IMAGES/lang/de.png</String></Pair>
				<Pair key="title"><String>German</String></Pair>
				<Pair key="info"><String>Available: No</String></Pair>
			</Table>
			<Table key="han_toolbox_lang_italian">
				<Pair key="icon"><String>/dev_hdd0/game/HANTOOLBX/USRDIR/IMAGES/lang/it.png</String></Pair>
				<Pair key="title"><String>Italian</String></Pair>
				<Pair key="info"><String>Available: No</String></Pair>
			</Table>
			<Table key="han_toolbox_lang_japan">
				<Pair key="icon"><String>/dev_hdd0/game/HANTOOLBX/USRDIR/IMAGES/lang/ja.png</String></Pair>
				<Pair key="title"><String>Japanese</String></Pair>
				<Pair key="info"><String>Available: No</String></Pair>
			</Table>
			<Table key="han_toolbox_lang_korean">
				<Pair key="icon"><String>/dev_hdd0/game/HANTOOLBX/USRDIR/IMAGES/lang/ko.png</String></Pair>
				<Pair key="title"><String>Korean</String></Pair>
				<Pair key="info"><String>Available: No</String></Pair>
			</Table>
			<Table key="han_toolbox_lang_norwegian">
				<Pair key="icon"><String>/dev_hdd0/game/HANTOOLBX/USRDIR/IMAGES/lang/no.png</String></Pair>
				<Pair key="title"><String>Norwegian</String></Pair>
				<Pair key="info"><String>Available: No</String></Pair>
			</Table>
			<Table key="han_toolbox_lang_polish">
				<Pair key="icon"><String>/dev_hdd0/game/HANTOOLBX/USRDIR/IMAGES/lang/pl.png</String></Pair>
				<Pair key="title"><String>Polish</String></Pair>
				<Pair key="info"><String>Available: No</String></Pair>
			</Table>
			<Table key="han_toolbox_lang_portuguese-BR">
				<Pair key="icon"><String>/dev_hdd0/game/HANTOOLBX/USRDIR/IMAGES/lang/pt-BR.png</String></Pair>
				<Pair key="title"><String>Portuguese (Brazil)</String></Pair>
				<Pair key="info"><String>Available: No</String></Pair>
			</Table>
			<Table key="han_toolbox_lang_portuguese-PT">
				<Pair key="icon"><String>/dev_hdd0/game/HANTOOLBX/USRDIR/IMAGES/lang/pt-PT.png</String></Pair>
				<Pair key="title"><String>Portuguese (Portugal)</String></Pair>
				<Pair key="info"><String>Available: No</String></Pair>
			</Table>
			<Table key="han_toolbox_lang_russian">
				<Pair key="icon"><String>/dev_hdd0/game/HANTOOLBX/USRDIR/IMAGES/lang/ru.png</String></Pair>
				<Pair key="title"><String>Russian</String></Pair>
				<Pair key="info"><String>Available: No</String></Pair>
			</Table>
			<Table key="han_toolbox_lang_spanish">
				<Pair key="icon"><String>/dev_hdd0/game/HANTOOLBX/USRDIR/IMAGES/lang/es.png</String></Pair>
				<Pair key="title"><String>Spanish</String></Pair>
				<Pair key="info"><String>Available: No</String></Pair>
			</Table>
			<Table key="han_toolbox_lang_swedish">
				<Pair key="icon"><String>/dev_hdd0/game/HANTOOLBX/USRDIR/IMAGES/lang/sv.png</String></Pair>
				<Pair key="title"><String>Swedish</String></Pair>
				<Pair key="info"><String>Available: No</String></Pair>
			</Table>
			<Table key="han_toolbox_lang_turkish">
				<Pair key="icon"><String>/dev_hdd0/game/HANTOOLBX/USRDIR/IMAGES/lang/tr.png</String></Pair>
				<Pair key="title"><String>Turkish</String></Pair>
				<Pair key="info"><String>Available: No</String></Pair>
			</Table>
		</Attributes>
		<Items>
			<Query 
				class="type:x-xmb/module-action" 
				key="han_toolbox_lang_chinese_s" 
				attr="han_toolbox_lang_chinese_s"
				/>
			<Query 
				class="type:x-xmb/module-action" 
				key="han_toolbox_lang_chinese_t" 
				attr="han_toolbox_lang_chinese_t"
				/>
			<Query 
				class="type:x-xmb/module-action" 
				key="han_toolbox_lang_danish" 
				attr="han_toolbox_lang_danish"
				/>
			<Query 
				class="type:x-xmb/module-action" 
				key="han_toolbox_lang_dutch" 
				attr="han_toolbox_lang_dutch"
				/>
			<Query 
				class="type:x-xmb/module-action" 
				key="han_toolbox_lang_english-UK" 
				attr="han_toolbox_lang_english-UK"
				/>
			<Query 
				class="type:x-xmb/module-action" 
				key="han_toolbox_lang_english-US" 
				attr="han_toolbox_lang_english-US"
				/>
			<Query 
				class="type:x-xmb/module-action" 
				key="han_toolbox_lang_finnish" 
				attr="han_toolbox_lang_finnish"
				/>
			<Query 
				class="type:x-xmb/module-action" 
				key="han_toolbox_lang_french" 
				attr="han_toolbox_lang_french"
				/>
			<Query 
				class="type:x-xmb/module-action" 
				key="han_toolbox_lang_german" 
				attr="han_toolbox_lang_german"
				/>
			<Query 
				class="type:x-xmb/module-action" 
				key="han_toolbox_lang_italian" 
				attr="han_toolbox_lang_italian"
				/>
			<Query 
				class="type:x-xmb/module-action" 
				key="han_toolbox_lang_japan" 
				attr="han_toolbox_lang_japan"
				/>
			<Query 
				class="type:x-xmb/module-action" 
				key="han_toolbox_lang_korean" 
				attr="han_toolbox_lang_korean"
				/>
			<Query 
				class="type:x-xmb/module-action" 
				key="han_toolbox_lang_norwegian" 
				attr="han_toolbox_lang_norwegian"
				/>
			<Query 
				class="type:x-xmb/module-action" 
				key="han_toolbox_lang_polish" 
				attr="han_toolbox_lang_polish"
				/>
			<Query 
				class="type:x-xmb/module-action" 
				key="han_toolbox_lang_portuguese-BR" 
				attr="han_toolbox_lang_portuguese-BR"
				/>
			<Query 
				class="type:x-xmb/module-action" 
				key="han_toolbox_lang_portuguese-PT" 
				attr="han_toolbox_lang_portuguese-PT"
				/>
			<Query 
				class="type:x-xmb/module-action" 
				key="han_toolbox_lang_russian" 
				attr="han_toolbox_lang_russian"
				/>
			<Query 
				class="type:x-xmb/module-action" 
				key="han_toolbox_lang_spanish" 
				attr="han_toolbox_lang_spanish"
				/>
			<Query 
				class="type:x-xmb/module-action" 
				key="han_toolbox_lang_swedish" 
				attr="han_toolbox_lang_swedish"
				/>
			<Query 
				class="type:x-xmb/module-action" 
				key="han_toolbox_lang_turkish" 
				attr="han_toolbox_lang_turkish"
				/>
		</Items>
	</View>		
		
<!-- Main Items > Toolbox Settings > Toolbox Resources -->

	<View id="han_toolbox_resources_items">
		<Attributes>
			<Table key="han_toolbox_install_resources">
				<Pair key="icon"><String>/dev_hdd0/game/HANTOOLBX/USRDIR/IMAGES/pkg_file.png</String></Pair>
				<Pair key="title"><String>Install Toolbox Resources</String></Pair>
				<Pair key="info"><String>Install the HAN Toolbox resources packages and reboot after</String></Pair>
			</Table>
			<Table key="han_toolbox_delete_resources">
				<Pair key="icon"><String>/dev_hdd0/game/HANTOOLBX/USRDIR/IMAGES/delete.png</String></Pair>
				<Pair key="title"><String>Uninstall Toolbox Resources</String></Pair>
				<Pair key="info"><String>Uninstall the HAN Toolbox resources packages and reboot after</String></Pair>
			</Table>
		</Attributes>
		<Items>
			<Query 
				class="type:x-xmb/folder-pixmap" 
				key="han_toolbox_install_resources" 
				attr="han_toolbox_install_resources"
				src="#han_toolbox_install_resources_items"
			/>
			<Query 
				class="type:x-xmb/folder-pixmap" 
				key="han_toolbox_delete_resources" 
				attr="han_toolbox_delete_resources"
				src="#han_toolbox_delete_resources_items"
			/>
		</Items>
	</View>
		
<!-- Main Items > Toolbox Settings > Toolbox Resources > Install Toolbox Resources -->

	<View id="han_toolbox_install_resources_items">
		<Attributes>
			<Table key="han_toolbox_install_all_resources">
				<Pair key="icon"><String>/dev_hdd0/game/HANTOOLBX/USRDIR/IMAGES/pkg_file.png</String></Pair>
				<Pair key="title"><String>Download Toolbox Resources</String></Pair>
				<Pair key="info"><String>Download and install the full HAN Toolbox resources package and reboot after</String></Pair>
			</Table>
			<Table key="han_toolbox_install_coldboots_resources">
				<Pair key="icon"><String>/dev_hdd0/game/HANTOOLBX/USRDIR/IMAGES/pkg_coldboot.png</String></Pair>
				<Pair key="title"><String>Download Coldboot Downloader Resources</String></Pair>
				<Pair key="info"><String>Download and install the Coldboot Downloader resources package and reboot after</String></Pair>
			</Table>
			<Table key="han_toolbox_install_demos_resources">
				<Pair key="icon"><String>/dev_hdd0/game/HANTOOLBX/USRDIR/IMAGES/pkg_downloader.png</String></Pair>
				<Pair key="title"><String>Download Demo Downloader Resources</String></Pair>
				<Pair key="info"><String>Download and install the Demo Downloader resources package and reboot after</String></Pair>
			</Table>
			<Table key="han_toolbox_install_fonts_resources">
				<Pair key="icon"><String>/dev_hdd0/game/HANTOOLBX/USRDIR/IMAGES/pkg_font.png</String></Pair>
				<Pair key="title"><String>Download Font Downloader Resources</String></Pair>
				<Pair key="info"><String>Download and install the Font Downloader resources package and reboot after</String></Pair>
			</Table>
			<Table key="han_toolbox_install_nopsn_resources">
				<Pair key="icon"><String>/dev_hdd0/game/HANTOOLBX/USRDIR/IMAGES/pkg_nopsn.png</String></Pair>
				<Pair key="title"><String>Download NoPSN Apps Downloader Resources</String></Pair>
				<Pair key="info"><String>Download and install the NoPSN Apps Downloader resources package and reboot after</String></Pair>
			</Table>
<!--			<Table key="han_toolbox_install_psn_resources">
				<Pair key="icon"><String>/dev_hdd0/game/HANTOOLBX/USRDIR/IMAGES/pkg_psn.png</String></Pair>
				<Pair key="title"><String>Download PSN Apps Downloader Resources</String></Pair>
				<Pair key="info"><String>Download and install the PSN Apps Downloader resources package and reboot after</String></Pair>
			</Table> -->
			<Table key="han_toolbox_install_themes_resources">
				<Pair key="icon"><String>/dev_hdd0/game/HANTOOLBX/USRDIR/IMAGES/pkg_theme.png</String></Pair>
				<Pair key="title"><String>Download Theme Downloader Resources</String></Pair>
				<Pair key="info"><String>Download and install the Theme Downloader resources package and reboot after</String></Pair>
			</Table>
			<Table key="han_toolbox_install_wallpapers_resources">
				<Pair key="icon"><String>/dev_hdd0/game/HANTOOLBX/USRDIR/IMAGES/pkg_wallpaper.png</String></Pair>
				<Pair key="title"><String>Download Wallpaper Downloader Resources</String></Pair>
				<Pair key="info"><String>Download and install the Wallpaper Downloader resources package and reboot after</String></Pair>
			</Table>
			<Table key="han_toolbox_install_waves_resources">
				<Pair key="icon"><String>/dev_hdd0/game/HANTOOLBX/USRDIR/IMAGES/pkg_wave.png</String></Pair>
				<Pair key="title"><String>Download Wave Downloader Resources</String></Pair>
				<Pair key="info"><String>Download and install the Wave Downloader resources package and reboot after</String></Pair>
			</Table>
		</Attributes>
		<Items>
			<Query 
				class="type:x-xmb/folder-pixmap" 
				key="han_toolbox_install_all_resources" 
				attr="han_toolbox_install_all_resources"
				src="xmb://localhost/dev_hdd0/game/HANTOOLBX/USRDIR/XMLS/han_toolbox_stuff_downloader.xml#han_toolbox_resources_main"
			/>
			<Query 
				class="type:x-xmb/folder-pixmap" 
				key="han_toolbox_install_coldboots_resources" 
				attr="han_toolbox_install_coldboots_resources"
				src="xmb://localhost/dev_hdd0/game/HANTOOLBX/USRDIR/XMLS/han_toolbox_stuff_downloader.xml#han_toolbox_coldboots_resources_main"
			/>
			<Query 
				class="type:x-xmb/folder-pixmap" 
				key="han_toolbox_install_demos_resources" 
				attr="han_toolbox_install_demos_resources"
				src="xmb://localhost/dev_hdd0/game/HANTOOLBX/USRDIR/XMLS/han_toolbox_stuff_downloader.xml#han_toolbox_demos_resources_main"
			/>
			<Query 
				class="type:x-xmb/folder-pixmap" 
				key="han_toolbox_install_fonts_resources" 
				attr="han_toolbox_install_fonts_resources"
				src="xmb://localhost/dev_hdd0/game/HANTOOLBX/USRDIR/XMLS/han_toolbox_stuff_downloader.xml#han_toolbox_fonts_resources_main"
			/>
			<Query 
				class="type:x-xmb/folder-pixmap" 
				key="han_toolbox_install_nopsn_resources" 
				attr="han_toolbox_install_nopsn_resources"
				src="xmb://localhost/dev_hdd0/game/HANTOOLBX/USRDIR/XMLS/han_toolbox_stuff_downloader.xml#han_toolbox_nopsn_resources_main"
			/>
<!--			<Query 
				class="type:x-xmb/folder-pixmap" 
				key="han_toolbox_install_psn_resources" 
				attr="han_toolbox_install_psn_resources_pkg"
				src="xmb://localhost/dev_hdd0/game/HANTOOLBX/USRDIR/XMLS/han_toolbox_stuff_downloader.xml#han_toolbox_psn_resources_main"
			/> -->
			<Query 
				class="type:x-xmb/folder-pixmap" 
				key="han_toolbox_install_themes_resources" 
				attr="han_toolbox_install_themes_resources"
				src="xmb://localhost/dev_hdd0/game/HANTOOLBX/USRDIR/XMLS/han_toolbox_stuff_downloader.xml#han_toolbox_themes_resources_main"
			/>
			<Query 
				class="type:x-xmb/folder-pixmap" 
				key="han_toolbox_install_wallpapers_resources" 
				attr="han_toolbox_install_wallpapers_resources"
				src="xmb://localhost/dev_hdd0/game/HANTOOLBX/USRDIR/XMLS/han_toolbox_stuff_downloader.xml#han_toolbox_wallpapers_resources_main"
			/>
			<Query 
				class="type:x-xmb/folder-pixmap" 
				key="han_toolbox_install_waves_resources" 
				attr="han_toolbox_install_waves_resources"
				src="xmb://localhost/dev_hdd0/game/HANTOOLBX/USRDIR/XMLS/han_toolbox_stuff_downloader.xml#han_toolbox_waves_resources_main"
			/>
		</Items>
	</View>

<!-- Main Items > Toolbox Settings > Toolbox Resources > Uninstall Toolbox Resources -->
			
	<View id="han_toolbox_delete_resources_items">
		<Attributes>
			<Table key="han_toolbox_delete_resources">
				<Pair key="icon"><String>/dev_hdd0/game/HANTOOLBX/USRDIR/IMAGES/delete_package.png</String></Pair>
				<Pair key="title"><String>Delete all Toolbox Resources</String></Pair>
				<Pair key="info"><String>Press  to access HAN Toolbox folder and unlink RESOURCES folder</String></Pair>
				<Pair key="str_noitem"><String>msg_no_data</String></Pair>
			</Table>
			<Table key="han_toolbox_delete_downloader_resources">
				<Pair key="icon"><String>/dev_hdd0/game/HANTOOLBX/USRDIR/IMAGES/delete_folder.png</String></Pair>
				<Pair key="title"><String>Delete Downloader Resources</String></Pair>
				<Pair key="info"><String>Press  to access HAN Toolbox RESOURCES folder and unlink any of the downloader folders</String></Pair>
				<Pair key="str_noitem"><String>msg_no_data</String></Pair>
			</Table>
		</Attributes>
		<Items>
			<Query 
				class="type:x-xmb/folder-pixmap" 
				key="han_toolbox_delete_resources" 
				attr="han_toolbox_delete_resources"
				src="host://localhost/dev_hdd0/game/HANTOOLBX/USRDIR/"
				/>
			<Query 
				class="type:x-xmb/folder-pixmap" 
				key="han_toolbox_delete_downloader_resources" 
				attr="han_toolbox_delete_downloader_resources"
				src="host://localhost/dev_hdd0/game/HANTOOLBX/USRDIR/RESOURCES/"
				/>
		</Items>
	</View>

<!-- Main Items > Toolbox Settings > Changelog - hardcoded in english (here) -->
			
	<View id="han_toolbox_changelog">
		<Attributes>
			<Table key="han_toolbox_last_changes">
				<Pair key="icon"><String>/dev_hdd0/game/HANTOOLBX/USRDIR/IMAGES/list.png</String></Pair>
				<Pair key="title"><String>v0.7.1 (2019/04/10)</String></Pair>
				<Pair key="info"><String>
				・ Offline HAN Enabler & Debug PKG Enabler updated, allowing batch PKG installation
				・ Offline Flash Mounter added
				・ PS3Xploit Basic tools urls updated (auto now)
				・ Coldboot/Font/Wave Downloaders reworked (2-steps process + Coldboot & Wave Downloaders use auto pages)
				・ All Resources can be downloaded individually by type
				・ DEX support enabled back
				・ Misc other stuff</String></Pair>
				<Pair key="module_name"><String>webrender_plugin</String></Pair>
				<Pair key="module_action"><String>http://raw.githubusercontent.com/ShaolinAssassin/HAN-Toolbox/master/Changelog.txt</String></Pair>
			</Table>
		</Attributes>
		<Items>
			<Query 
				class="type:x-xmb/module-action" 
				key="han_toolbox_last_changes" 
				attr="han_toolbox_last_changes"
				/>
		</Items>
	</View>			

</XMBML>
