<XMBML version="1.0">

<!-- Main Items > External Content > NoPSN Downloader -->
	
	<View id="nopsn_downloader_items">
		<Attributes>
			<Table key="nopsn_downloader_EU">
				<Pair key="icon"><String>/dev_hdd0/game/HANTOOLBX/USRDIR/IMAGES/folder_eu.png</String></Pair>
				<Pair key="title"><String>EU Versions</String></Pair>
				<Pair key="info"><String></String></Pair>
				<Pair key="str_noitem"><String>msg_no_data</String></Pair>
			</Table>
			<Table key="nopsn_downloader_HK">
				<Pair key="icon"><String>/dev_hdd0/game/HANTOOLBX/USRDIR/IMAGES/folder_hk.png</String></Pair>
				<Pair key="title"><String>HK Versions</String></Pair>
				<Pair key="info"><String></String></Pair>
				<Pair key="str_noitem"><String>msg_no_data</String></Pair>
			</Table>
			<Table key="nopsn_downloader_JP">
				<Pair key="icon"><String>/dev_hdd0/game/HANTOOLBX/USRDIR/IMAGES/folder_jp.png</String></Pair>
				<Pair key="title"><String>JP Versions</String></Pair>
				<Pair key="info"><String></String></Pair>
				<Pair key="str_noitem"><String>msg_no_data</String></Pair>
			</Table>
			<Table key="nopsn_downloader_US">
				<Pair key="icon"><String>/dev_hdd0/game/HANTOOLBX/USRDIR/IMAGES/folder_us.png</String></Pair>
				<Pair key="title"><String>US Versions</String></Pair>
				<Pair key="info"><String></String></Pair>
				<Pair key="str_noitem"><String>msg_no_data</String></Pair>
			</Table>
			<!--Table key="nopsn_downloader_int">
				<Pair key="icon"><String>/dev_hdd0/game/HANTOOLBX/USRDIR/IMAGES/folder_int.png</String></Pair>
				<Pair key="title"><String>Internal Versions</String></Pair>
				<Pair key="info"><String></String></Pair>
				<Pair key="str_noitem"><String>msg_no_data</String></Pair>
			</Table-->
		</Attributes>
		<Items>
			<Query 
				class="type:x-xmb/folder-pixmap" 
				key="nopsn_downloader_EU" 
				attr="nopsn_downloader_EU"
				src="xmb://localhost/dev_hdd0/game/HANTOOLBX/USRDIR/RESOURCES/NOPSN/XMLS/nopsn_downloader_EU.xml#nopsn_downloader_EU_items"
				/>
			<Query 
				class="type:x-xmb/folder-pixmap" 
				key="nopsn_downloader_HK" 
				attr="nopsn_downloader_HK"
				src="xmb://localhost/dev_hdd0/game/HANTOOLBX/USRDIR/RESOURCES/NOPSN/XMLS/nopsn_downloader_HK.xml#nopsn_downloader_HK_items"
				/>
			<Query 
				class="type:x-xmb/folder-pixmap" 
				key="nopsn_downloader_JP" 
				attr="nopsn_downloader_JP"
				src="xmb://localhost/dev_hdd0/game/HANTOOLBX/USRDIR/RESOURCES/NOPSN/XMLS/nopsn_downloader_JP.xml#nopsn_downloader_JP_items"
				/>
			<Query 
				class="type:x-xmb/folder-pixmap" 
				key="nopsn_downloader_US" 
				attr="nopsn_downloader_US"
				src="xmb://localhost/dev_hdd0/game/HANTOOLBX/USRDIR/RESOURCES/NOPSN/XMLS/nopsn_downloader_US.xml#nopsn_downloader_US_items"
				/>
			<!--Query 
				class="type:x-xmb/folder-pixmap" 
				key="nopsn_downloader_int" 
				attr="nopsn_downloader_int"
				src="xmb://localhost/dev_hdd0/game/HANTOOLBX/USRDIR/RESOURCES/NOPSN/XMLS/nopsn_downloader_int.xml#nopsn_downloader_int_items"
				/-->
		</Items>
	</View>
		
</XMBML>
